"ID";"N_LAB";"AREA";"LONG";"LAT";"NUM_CAMPO";"PROJETO";"CLASSE";"Lab";"BASE";"ANATASIO";"ANDALUSITA";"ANFIBOLIO";"APATITA";"CARBONATO";"CASSITERITA";"CIANITA";"COL.TAN.";"CORINDON";"CROMITA";"EPIDOTO";"ESPINELIO";"ESTAUROLITA";"FOSFATO";"GRANADA";"HEMATITA";"ILMENITA";"LEUCOXENIO";"MAGNETITA";"MICAS";"MONAZITA";"OURO";"OX.FERRO";"PIR.OXIDADA";"PIRITA";"PIROXENIO";"RUTILO";"SCHEELITA";"SILLIMAN";"TITANITA";"TOPAZIO";"TURMALINA";"XENOTIMIO";"ZIRCAO"
1;"DBV962";"cartas_100M";-51,753741494;-3,96304603;"1511-AV-B-001";"Grande Carajás - Folha Altamira";"Concentrado de Bateia";"Análise semiquantitativa";"SGB-CPRM - Rigeo";;;"< 1 %";;;;"< 1 %";;"1 - 5 %";"< 1 %";;;;;"1 - 5 %";;"50 - 75 %";"< 1 %";"< 1 %";;"1 - 5 %";;"< 1 %";;;;;;;"< 1 %";;;;"5 - 25 %"
2;"DBV963";"cartas_100M";-51,751334878;-3,965192751;"1511-AV-B-002";"Grande Carajás - Folha Altamira";"Concentrado de Bateia";"Análise semiquantitativa";"SGB-CPRM - Rigeo";"< 1 %";;;"< 1 %";;;;;"1 - 5 %";;;;;;;;"50 - 75 %";"< 1 %";"< 1 %";;"5 - 25 %";;"1 - 5 %";;;;"< 1 %";;"< 1 %";;;"< 1 %";;"5 - 25 %"
3;"DBV964";"cartas_100M";-51,768252978;-3,974490121;"1511-AV-B-003";"Grande Carajás - Folha Altamira";"Concentrado de Bateia";"Análise semiquantitativa";"SGB-CPRM - Rigeo";"1 - 5 %";;;;;;;;;;;;;;;;"50 - 75 %";"< 1 %";"< 1 %";;"1 - 5 %";;"< 1 %";;;;"< 1 %";;;;;;;"5 - 25 %"
4;"DBV965";"cartas_100M";-51,812305151;-3,96582073;"1511-AV-B-004";"Grande Carajás - Folha Altamira";"Concentrado de Bateia";"Análise semiquantitativa";"SGB-CPRM - Rigeo";;"< 1 %";;"< 1 %";;;;;"< 1 %";;;;;;"< 1 %";;"75 - 100 %";;"< 1 %";;"5 - 25 %";;"< 1 %";;;;;;;"< 1 %";;;;"1 - 5 %"
5;"DBV966";"cartas_100M";-51,765636388;-3,657862309;"1511-AV-B-005";"Grande Carajás - Folha Altamira";"Concentrado de Bateia";"Análise semiquantitativa";"SGB-CPRM - Rigeo";"1 - 5 %";"< 1 %";"< 1 %";;;"< 1 %";;;"1 - 5 %";"< 1 %";"< 1 %";;;;;;"50 - 75 %";"< 1 %";"< 1 %";;"1 - 5 %";;"5 - 25 %";;;;"< 1 %";;"< 1 %";"< 1 %";;"1 - 5 %";;"1 - 5 %"
6;"DBV967";"cartas_100M";-51,765120398;-3,661824252;"1511-AV-B-006";"Grande Carajás - Folha Altamira";"Concentrado de Bateia";"Análise semiquantitativa";"SGB-CPRM - Rigeo";"5 - 25 %";"< 1 %";;"< 1 %";;"1 - 5 %";;;;;;;;;;;"75 - 100 %";"< 1 %";"25 - 50 %";;"< 1 %";;"1 - 5 %";;;;"< 1 %";;"< 1 %";"< 1 %";;"< 1 %";;"1 - 5 %"
7;"DBV968";"cartas_100M";-51,763906983;-3,663698504;"1511-AV-B-007";"Grande Carajás - Folha Altamira";"Concentrado de Bateia";"Análise semiquantitativa";"SGB-CPRM - Rigeo";;"< 1 %";"< 1 %";"< 1 %";;"< 1 %";;;;;;;;;;;"5 - 25 %";;"25 - 50 %";;"< 1 %";;"50 - 75 %";"< 1 %";;"< 1 %";;;;"< 1 %";;"< 1 %";;"< 1 %"
8;"DBV969";"cartas_100M";-51,765776154;-3,659734492;"1511-AV-B-008";"Grande Carajás - Folha Altamira";"Concentrado de Bateia";"Análise semiquantitativa";"SGB-CPRM - Rigeo";;;"75 - 100 %";;;;;;;;;;;;;;"5 - 25 %";;"< 1 %";;"< 1 %";;"5 - 25 %";;;;;;;;;;;
9;"DBX073";"cartas_100M";-52,096489288;-3,558827455;"1511-AV-B-009";"Grande Carajás - Folha Altamira";"Concentrado de Bateia";"Análise semiquantitativa";"SGB-CPRM - Rigeo";"< 1 %";;;;;;;;;;;"< 1 %";;;"< 1 %";;"75 - 100 %";"< 1 %";"< 1 %";;"< 1 %";;;;;;"< 1 %";;;;;;"< 1 %";"5 - 25 %"
10;"DBX074";"cartas_100M";-52,230053785;-3,71054818;"1511-AV-B-010";"Grande Carajás - Folha Altamira";"Concentrado de Bateia";"Análise semiquantitativa";"SGB-CPRM - Rigeo";"< 1 %";;;;;;;;;;;;;;"< 1 %";;"25 - 50 %";"< 1 %";"5 - 25 %";;"< 1 %";;"< 1 %";;;;"< 1 %";;;;;;"< 1 %";"25 - 50 %"
11;"DBX075";"cartas_100M";-52,221350003;-3,708640094;"1511-AV-B-011";"Grande Carajás - Folha Altamira";"Concentrado de Bateia";"Análise semiquantitativa";"SGB-CPRM - Rigeo";"< 1 %";;"< 1 %";;;;;;;;;;;;;;"25 - 50 %";;;;"< 1 %";;;;;;"< 1 %";;;;;;"< 1 %";"50 - 75 %"
12;"DBX076";"cartas_100M";-52,301579601;-3,775006894;"1511-AV-B-012";"Grande Carajás - Folha Altamira";"Concentrado de Bateia";"Análise semiquantitativa";"SGB-CPRM - Rigeo";"< 1 %";;;;;;;;;;"< 1 %";"< 1 %";;;;;"75 - 100 %";;;;"< 1 %";;"< 1 %";;;;"< 1 %";;;;;"< 1 %";;"5 - 25 %"
13;"DBX077";"cartas_100M";-52,300481188;-3,741104246;"1511-AV-B-013";"Grande Carajás - Folha Altamira";"Concentrado de Bateia";"Análise semiquantitativa";"SGB-CPRM - Rigeo";"< 1 %";;;;;;;;;;;;;;;;"25 - 50 %";;"< 1 %";;"< 1 %";;;;;;"< 1 %";;;;;"< 1 %";"< 1 %";"25 - 50 %"
14;"DBX078";"cartas_100M";-52,338925487;-3,718551797;"1511-AV-B-014";"Grande Carajás - Folha Altamira";"Concentrado de Bateia";"Análise semiquantitativa";"SGB-CPRM - Rigeo";"< 1 %";;;;;;;;;;;;;;;;"75 - 100 %";;;;"< 1 %";;;;;;"< 1 %";;;;;;"< 1 %";"25 - 50 %"
15;"DBX079";"cartas_100M";-52,185738489;-3,638073231;"1511-AV-B-016";"Grande Carajás - Folha Altamira";"Concentrado de Bateia";"Análise semiquantitativa";"SGB-CPRM - Rigeo";;;;;;;;;;;;;;;;;"50 - 75 %";;"< 1 %";;"< 1 %";;;;;;"< 1 %";;;;;"< 1 %";"< 1 %";"5 - 25 %"
16;"DBX080";"cartas_100M";-52,161987897;-3,560906203;"1511-AV-B-017";"Grande Carajás - Folha Altamira";"Concentrado de Bateia";"Análise semiquantitativa";"SGB-CPRM - Rigeo";;;;;;;;;;;"< 1 %";;;;;;"75 - 100 %";;"< 1 %";;"< 1 %";;"< 1 %";;;;"< 1 %";;;;;;;"5 - 25 %"
17;"DBX081";"cartas_100M";-52,061659613;-3,511619138;"1511-AV-B-018";"Grande Carajás - Folha Altamira";"Concentrado de Bateia";"Análise semiquantitativa";"SGB-CPRM - Rigeo";"< 1 %";;;;;;;;;;"< 1 %";;;;;;"75 - 100 %";;"< 1 %";;"< 1 %";;;;;;"< 1 %";;;;;"< 1 %";"< 1 %";"1 - 5 %"
18;"DBX082";"cartas_100M";-52,02169815;-3,54598771;"1511-AV-B-019";"Grande Carajás - Folha Altamira";"Concentrado de Bateia";"Análise semiquantitativa";"SGB-CPRM - Rigeo";;;;;;;;;;;"< 1 %";"< 1 %";;;;;"75 - 100 %";;"< 1 %";;"1 - 5 %";;;;;;"< 1 %";;;;;"< 1 %";"< 1 %";"5 - 25 %"
19;"DBX083";"cartas_100M";-52,032980091;-3,528593571;"1511-AV-B-020";"Grande Carajás - Folha Altamira";"Concentrado de Bateia";"Análise semiquantitativa";"SGB-CPRM - Rigeo";"< 1 %";;;;;;;;;;;"< 1 %";;;"< 1 %";;"75 - 100 %";;"< 1 %";;"< 1 %";;"< 1 %";;;;"< 1 %";;;"< 1 %";;"< 1 %";"< 1 %";"1 - 5 %"
20;"DBX084";"cartas_100M";-52,037371035;-3,493005719;"1511-AV-B-021";"Grande Carajás - Folha Altamira";"Concentrado de Bateia";"Análise semiquantitativa";"SGB-CPRM - Rigeo";;"1 - 5 %";;;;;;;;;;;;;;;"75 - 100 %";;"< 1 %";;"< 1 %";;;;;;"< 1 %";;;"< 1 %";;"< 1 %";;"1 - 5 %"
21;"DBX085";"cartas_100M";-52,047124334;-3,493580922;"1511-AV-B-022";"Grande Carajás - Folha Altamira";"Concentrado de Bateia";"Análise semiquantitativa";"SGB-CPRM - Rigeo";;;;;;;;;;;"< 1 %";;;;;;"75 - 100 %";;"< 1 %";;"< 1 %";;;;;;"< 1 %";;;"< 1 %";;"< 1 %";;"1 - 5 %"
22;"DBX086";"cartas_100M";-52,053672589;-3,503648092;"1511-AV-B-023";"Grande Carajás - Folha Altamira";"Concentrado de Bateia";"Análise semiquantitativa";"SGB-CPRM - Rigeo";"< 1 %";"1 - 5 %";;;;;;;;;;"< 1 %";;;"< 1 %";;"75 - 100 %";"< 1 %";"5 - 25 %";;"1 - 5 %";;"< 1 %";;;;"< 1 %";;"< 1 %";;;;;"1 - 5 %"
23;"DBX087";"cartas_100M";-51,492004261;-3,856138203;"1511-AV-B-024";"Grande Carajás - Folha Altamira";"Concentrado de Bateia";"Análise semiquantitativa";"SGB-CPRM - Rigeo";;;;;;;;;;;;;;;"< 1 %";;"75 - 100 %";;"< 1 %";;"< 1 %";;;;;;"< 1 %";;;;;"< 1 %";"< 1 %";"5 - 25 %"
24;"DBX088";"cartas_100M";-51,464775345;-3,869449021;"1511-AV-B-025";"Grande Carajás - Folha Altamira";"Concentrado de Bateia";"Análise semiquantitativa";"SGB-CPRM - Rigeo";;;;;;;;;;;;;;;"< 1 %";;"75 - 100 %";;"< 1 %";;"< 1 %";;;;;;"< 1 %";;;;;"< 1 %";"< 1 %";"5 - 25 %"
25;"DBX089";"cartas_100M";-51,409308856;-3,878105459;"1511-AV-B-026";"Grande Carajás - Folha Altamira";"Concentrado de Bateia";"Análise semiquantitativa";"SGB-CPRM - Rigeo";"< 1 %";;;;;;;;;;"< 1 %";;;;;;"75 - 100 %";"< 1 %";;;"< 1 %";;"< 1 %";;;;"< 1 %";;;;;"< 1 %";"< 1 %";"1 - 5 %"
26;"DBX090";"cartas_100M";-51,503854628;-3,872526581;"1511-AV-B-027";"Grande Carajás - Folha Altamira";"Concentrado de Bateia";"Análise semiquantitativa";"SGB-CPRM - Rigeo";"< 1 %";;"< 1 %";;;;;;;;"< 1 %";"< 1 %";;;"< 1 %";;"75 - 100 %";;;;"1 - 5 %";;"< 1 %";;;;"< 1 %";;;;;;"< 1 %";"1 - 5 %"
27;"DBX091";"cartas_100M";-51,574917866;-3,904684;"1511-AV-B-028";"Grande Carajás - Folha Altamira";"Concentrado de Bateia";"Análise semiquantitativa";"SGB-CPRM - Rigeo";"< 1 %";;;;;;;;;;"< 1 %";;;;"< 1 %";;"75 - 100 %";"< 1 %";;;"1 - 5 %";;;;;;"< 1 %";;;;;"< 1 %";"< 1 %";"5 - 25 %"
28;"DBX092";"cartas_100M";-51,585238636;-3,923610046;"1511-AV-B-029";"Grande Carajás - Folha Altamira";"Concentrado de Bateia";"Análise semiquantitativa";"SGB-CPRM - Rigeo";"< 1 %";;;;;;;;;;;"< 1 %";;;"< 1 %";;"50 - 75 %";"< 1 %";;;"5 - 25 %";;;;;;"< 1 %";;;;;"< 1 %";"< 1 %";"5 - 25 %"
29;"DBX093";"cartas_100M";-51,590252846;-3,947758519;"1511-AV-B-030";"Grande Carajás - Folha Altamira";"Concentrado de Bateia";"Análise semiquantitativa";"SGB-CPRM - Rigeo";"< 1 %";;"< 1 %";;;"< 1 %";;;"< 1 %";;;;;;"< 1 %";;"50 - 75 %";"< 1 %";;;"5 - 25 %";;;;;;"< 1 %";;;;;"< 1 %";"< 1 %";"5 - 25 %"
30;"DBX094";"cartas_100M";-51,510952748;-3,767234255;"1511-AV-B-031";"Grande Carajás - Folha Altamira";"Concentrado de Bateia";"Análise semiquantitativa";"SGB-CPRM - Rigeo";"< 1 %";"< 1 %";"< 1 %";"< 1 %";;"< 1 %";;;"< 1 %";;"< 1 %";"< 1 %";"< 1 %";;"< 1 %";;"75 - 100 %";"< 1 %";;;"< 1 %";;"< 1 %";;;;"< 1 %";;"< 1 %";;;"< 1 %";"< 1 %";"1 - 5 %"
31;"DBX095";"cartas_100M";-51,58917917;-3,793730512;"1511-AV-B-032";"Grande Carajás - Folha Altamira";"Concentrado de Bateia";"Análise semiquantitativa";"SGB-CPRM - Rigeo";"< 1 %";;"< 1 %";;;"< 1 %";;;"< 1 %";;"1 - 5 %";"< 1 %";"1 - 5 %";;"< 1 %";;"75 - 100 %";"< 1 %";;;"< 1 %";;"< 1 %";;"< 1 %";;"< 1 %";;"< 1 %";;;"< 1 %";"< 1 %";"1 - 5 %"
32;"DBX096";"cartas_100M";-51,517889605;-3,693286584;"1511-AV-B-033";"Grande Carajás - Folha Altamira";"Concentrado de Bateia";"Análise semiquantitativa";"SGB-CPRM - Rigeo";"< 1 %";"< 1 %";"< 1 %";;;"< 1 %";;;"< 1 %";;"< 1 %";;;;;;"75 - 100 %";"< 1 %";;;"< 1 %";;;;;;"< 1 %";;;;;"< 1 %";"< 1 %";"1 - 5 %"
33;"DBX097";"cartas_100M";-51,44829735;-3,692157967;"1511-AV-B-034";"Grande Carajás - Folha Altamira";"Concentrado de Bateia";"Análise semiquantitativa";"SGB-CPRM - Rigeo";"< 1 %";"< 1 %";"< 1 %";;;"< 1 %";;;"< 1 %";;;"< 1 %";;;;;"75 - 100 %";"< 1 %";;;"< 1 %";;;;;;"< 1 %";;"< 1 %";;;"< 1 %";"< 1 %";"5 - 25 %"
34;"DBX098";"cartas_100M";-51,439979344;-3,685305064;"1511-AV-B-035";"Grande Carajás - Folha Altamira";"Concentrado de Bateia";"Análise semiquantitativa";"SGB-CPRM - Rigeo";"< 1 %";;"< 1 %";;;"< 1 %";;;"< 1 %";;"< 1 %";"< 1 %";"< 1 %";;;;"75 - 100 %";"< 1 %";;;"< 1 %";;;;;;"< 1 %";;;;;"< 1 %";"< 1 %";"1 - 5 %"
35;"DBX099";"cartas_100M";-51,48975967;-3,679587004;"1511-AV-B-036";"Grande Carajás - Folha Altamira";"Concentrado de Bateia";"Análise semiquantitativa";"SGB-CPRM - Rigeo";"< 1 %";;"< 1 %";;;;;;"< 1 %";;"1 - 5 %";"< 1 %";"< 1 %";;"< 1 %";;"75 - 100 %";"< 1 %";"5 - 25 %";;"< 1 %";;"1 - 5 %";;;;"< 1 %";;;;;"< 1 %";"< 1 %";"1 - 5 %"
36;"DBX100";"cartas_100M";-51,473799146;-3,689999705;"1511-AV-B-037";"Grande Carajás - Folha Altamira";"Concentrado de Bateia";"Análise semiquantitativa";"SGB-CPRM - Rigeo";"< 1 %";;"< 1 %";;;;;;"< 1 %";;"1 - 5 %";"< 1 %";"< 1 %";;;;"75 - 100 %";"< 1 %";"5 - 25 %";;"< 1 %";;"< 1 %";;;;"< 1 %";;;;;"< 1 %";"< 1 %";"< 1 %"
37;"DBX101";"cartas_100M";-51,463072791;-3,691211744;"1511-AV-B-038";"Grande Carajás - Folha Altamira";"Concentrado de Bateia";"Análise semiquantitativa";"SGB-CPRM - Rigeo";"< 1 %";;"< 1 %";;;"< 1 %";;;"< 1 %";;"< 1 %";"< 1 %";"< 1 %";;;;"75 - 100 %";"< 1 %";"< 1 %";;"< 1 %";"< 1 %";"1 - 5 %";;;;"< 1 %";;;;;"< 1 %";"< 1 %";"1 - 5 %"
38;"DBX102";"cartas_100M";-51,556884744;-3,710422958;"1511-AV-B-044";"Grande Carajás - Folha Altamira";"Concentrado de Bateia";"Análise semiquantitativa";"SGB-CPRM - Rigeo";"< 1 %";;"< 1 %";;;;;;"< 1 %";;;;;;;;"75 - 100 %";"< 1 %";"25 - 50 %";;"< 1 %";"< 1 %";"1 - 5 %";;;;"< 1 %";;;;;"< 1 %";"< 1 %";"< 1 %"
39;"DBX103";"cartas_100M";-51,617240927;-3,675800602;"1511-AV-B-045";"Grande Carajás - Folha Altamira";"Concentrado de Bateia";"Análise semiquantitativa";"SGB-CPRM - Rigeo";"< 1 %";;"< 1 %";;;;;;"< 1 %";;;"< 1 %";"< 1 %";;;;"75 - 100 %";"< 1 %";;;"< 1 %";;"< 1 %";;;;"< 1 %";;;;;"< 1 %";"< 1 %";"1 - 5 %"
40;"DBX104";"cartas_100M";-51,651845703;-3,712476666;"1511-AV-B-047";"Grande Carajás - Folha Altamira";"Concentrado de Bateia";"Análise semiquantitativa";"SGB-CPRM - Rigeo";"< 1 %";;"< 1 %";;;;;;"< 1 %";;"5 - 25 %";;;;;;"50 - 75 %";"< 1 %";;;"< 1 %";"< 1 %";"5 - 25 %";;;;"< 1 %";;"< 1 %";;;"< 1 %";"< 1 %";"5 - 25 %"
41;"DBX105";"cartas_100M";-51,583920833;-3,669647472;"1511-AV-B-048";"Grande Carajás - Folha Altamira";"Concentrado de Bateia";"Análise semiquantitativa";"SGB-CPRM - Rigeo";"1 - 5 %";;"< 1 %";;;"< 1 %";;;"< 1 %";;;;;;;;"75 - 100 %";"< 1 %";;;"< 1 %";;;;;;"< 1 %";;;;;"< 1 %";"< 1 %";"5 - 25 %"
42;"DBX106";"cartas_100M";-51,562025932;-3,67784362;"1511-AV-B-049";"Grande Carajás - Folha Altamira";"Concentrado de Bateia";"Análise semiquantitativa";"SGB-CPRM - Rigeo";"< 1 %";;"< 1 %";;;"< 1 %";;;"< 1 %";;;"< 1 %";;;"< 1 %";;"75 - 100 %";"< 1 %";;;"< 1 %";;"< 1 %";;;;"< 1 %";;;;;"< 1 %";"< 1 %";"1 - 5 %"
43;"DBX107";"cartas_100M";-51,62216561;-3,588577123;"1511-AV-B-050";"Grande Carajás - Folha Altamira";"Concentrado de Bateia";"Análise semiquantitativa";"SGB-CPRM - Rigeo";"< 1 %";;"< 1 %";;;"< 1 %";;;"< 1 %";;"< 1 %";"< 1 %";;;;;"75 - 100 %";"< 1 %";;;"< 1 %";;;;;;"< 1 %";;;;;"< 1 %";"< 1 %";"5 - 25 %"
44;"DBX108";"cartas_100M";-51,651367841;-3,583003754;"1511-AV-B-051";"Grande Carajás - Folha Altamira";"Concentrado de Bateia";"Análise semiquantitativa";"SGB-CPRM - Rigeo";"< 1 %";;"< 1 %";;;"< 1 %";;;"< 1 %";;"< 1 %";"< 1 %";;;;;"75 - 100 %";"< 1 %";;;"1 - 5 %";;;;;;"< 1 %";;;;;"< 1 %";"< 1 %";"5 - 25 %"
45;"DBX109";"cartas_100M";-51,674254828;-3,560394154;"1511-AV-B-052";"Grande Carajás - Folha Altamira";"Concentrado de Bateia";"Análise semiquantitativa";"SGB-CPRM - Rigeo";"< 1 %";;"< 1 %";;;"< 1 %";;;;;;"< 1 %";;;;;"75 - 100 %";"< 1 %";;;"1 - 5 %";;;;;;"< 1 %";;;;;"< 1 %";"< 1 %";"5 - 25 %"
46;"DBX206";"cartas_100M";-51,620464991;-3,111424933;"1511-AV-B-053";"Grande Carajás - Folha Altamira";"Concentrado de Bateia";"Análise semiquantitativa";"SGB-CPRM - Rigeo";"< 1 %";;;;;"5 - 25 %";;;;;"< 1 %";"< 1 %";"< 1 %";;"< 1 %";;;"< 1 %";"< 1 %";;"< 1 %";;;;;;"< 1 %";;;;;"< 1 %";"< 1 %";"5 - 25 %"
47;"DBX207";"cartas_100M";-51,588801018;-3,133836901;"1511-AV-B-054";"Grande Carajás - Folha Altamira";"Concentrado de Bateia";"Análise semiquantitativa";"SGB-CPRM - Rigeo";"< 1 %";;"< 1 %";;;"< 1 %";"< 1 %";;;;"< 1 %";;"< 1 %";;"< 1 %";;"75 - 100 %";"< 1 %";"25 - 50 %";;"< 1 %";;"< 1 %";;;;"< 1 %";;;;;"< 1 %";"< 1 %";"5 - 25 %"
48;"DBX208";"cartas_100M";-51,572442633;-3,152283801;"1511-AV-B-055";"Grande Carajás - Folha Altamira";"Concentrado de Bateia";"Análise semiquantitativa";"SGB-CPRM - Rigeo";;;;;;"< 1 %";;;;;"< 1 %";"< 1 %";;;;;"75 - 100 %";;"25 - 50 %";;"< 1 %";;"< 1 %";;;;"< 1 %";;;;;;;"1 - 5 %"
49;"DBX209";"cartas_100M";-51,559371974;-3,169801873;"1511-AV-B-056";"Grande Carajás - Folha Altamira";"Concentrado de Bateia";"Análise semiquantitativa";"SGB-CPRM - Rigeo";"< 1 %";;;;;;"< 1 %";;;;"< 1 %";;;;;;"75 - 100 %";;"5 - 25 %";;"< 1 %";;;;;;"< 1 %";;;;;"< 1 %";;"1 - 5 %"
50;"DBX210";"cartas_100M";-51,54421656;-3,183612056;"1511-AV-B-057";"Grande Carajás - Folha Altamira";"Concentrado de Bateia";"Análise semiquantitativa";"SGB-CPRM - Rigeo";"< 1 %";;"< 1 %";;;;"< 1 %";;;;"< 1 %";;"< 1 %";;"< 1 %";;"50 - 75 %";"< 1 %";"25 - 50 %";;"< 1 %";;"< 1 %";;;;"< 1 %";;;;;"< 1 %";"< 1 %";"25 - 50 %"
51;"DBX211";"cartas_100M";-51,538446771;-3,20330061;"1511-AV-B-058";"Grande Carajás - Folha Altamira";"Concentrado de Bateia";"Análise semiquantitativa";"SGB-CPRM - Rigeo";"< 1 %";;;;;;"< 1 %";;;;"< 1 %";"< 1 %";"< 1 %";;"< 1 %";;"75 - 100 %";"< 1 %";"25 - 50 %";;"< 1 %";;"< 1 %";;;;"< 1 %";;;;;"< 1 %";;"5 - 25 %"
52;"DBX212";"cartas_100M";-51,462077243;-3,221543776;"1511-AV-B-059";"Grande Carajás - Folha Altamira";"Concentrado de Bateia";"Análise semiquantitativa";"SGB-CPRM - Rigeo";"< 1 %";;"< 1 %";;;"< 1 %";;;;;"< 1 %";;"< 1 %";;"< 1 %";;"75 - 100 %";"< 1 %";"5 - 25 %";;"< 1 %";;"< 1 %";;;"< 1 %";"< 1 %";;;;"< 1 %";;"< 1 %";"1 - 5 %"
53;"DBX213";"cartas_100M";-51,444163193;-3,243036306;"1511-AV-B-060";"Grande Carajás - Folha Altamira";"Concentrado de Bateia";"Análise semiquantitativa";"SGB-CPRM - Rigeo";"< 1 %";;"< 1 %";;;"< 1 %";;;;;"< 1 %";"< 1 %";"< 1 %";;;;"75 - 100 %";"< 1 %";"5 - 25 %";"< 1 %";"< 1 %";;"< 1 %";;;"< 1 %";"< 1 %";;;;"< 1 %";"< 1 %";"< 1 %";"5 - 25 %"
54;"DBX214";"cartas_100M";-51,352187495;-3,313378201;"1511-AV-B-061";"Grande Carajás - Folha Altamira";"Concentrado de Bateia";"Análise semiquantitativa";"SGB-CPRM - Rigeo";"< 1 %";;"< 1 %";;;"< 1 %";;;;;"< 1 %";;;;"< 1 %";;"75 - 100 %";"< 1 %";;;"< 1 %";;"< 1 %";;;;"< 1 %";;;;"< 1 %";;"< 1 %";"5 - 25 %"
55;"DBX215";"cartas_100M";-51,544680956;-3,261628564;"1511-AV-B-062";"Grande Carajás - Folha Altamira";"Concentrado de Bateia";"Análise semiquantitativa";"SGB-CPRM - Rigeo";"< 1 %";;"< 1 %";;;"< 1 %";"< 1 %";;;;"< 1 %";;;;"< 1 %";;"75 - 100 %";"< 1 %";"< 1 %";;"< 1 %";;;;;;"< 1 %";;;;"< 1 %";;"< 1 %";"5 - 25 %"
56;"DBX216";"cartas_100M";-51,38308263;-3,30482257;"1511-AV-B-063";"Grande Carajás - Folha Altamira";"Concentrado de Bateia";"Análise semiquantitativa";"SGB-CPRM - Rigeo";"< 1 %";;"< 1 %";;;"< 1 %";"< 1 %";;;;"< 1 %";"< 1 %";;;"< 1 %";;"75 - 100 %";"< 1 %";"< 1 %";;"< 1 %";;;;;"< 1 %";"< 1 %";;;;"< 1 %";"< 1 %";"< 1 %";"5 - 25 %"
57;"DBX217";"cartas_100M";-51,38530304;-3,392030127;"1511-AV-B-064";"Grande Carajás - Folha Altamira";"Concentrado de Bateia";"Análise semiquantitativa";"SGB-CPRM - Rigeo";"1 - 5 %";;"< 1 %";;;"< 1 %";;;;;"< 1 %";;;;;;"50 - 75 %";"< 1 %";"< 1 %";;"1 - 5 %";;;;;;"< 1 %";;;;"< 1 %";;"< 1 %";"25 - 50 %"
58;"DBX218";"cartas_100M";-51,365738089;-3,35687088;"1511-AV-B-065";"Grande Carajás - Folha Altamira";"Concentrado de Bateia";"Análise semiquantitativa";"SGB-CPRM - Rigeo";"< 1 %";;"< 1 %";;;"< 1 %";"< 1 %";;;;"< 1 %";;"< 1 %";;;;"75 - 100 %";"< 1 %";"25 - 50 %";;"< 1 %";;;;;;"< 1 %";;;;"< 1 %";"< 1 %";"< 1 %";"5 - 25 %"
59;"DBX219";"cartas_100M";-51,331109176;-3,282764553;"1511-AV-B-066";"Grande Carajás - Folha Altamira";"Concentrado de Bateia";"Análise semiquantitativa";"SGB-CPRM - Rigeo";"< 1 %";;"< 1 %";;;"< 1 %";;;;;"< 1 %";;"< 1 %";;;;"75 - 100 %";"< 1 %";"< 1 %";;"< 1 %";;"< 1 %";;;;"< 1 %";;;;"< 1 %";;"< 1 %";"5 - 25 %"
60;"DBX221";"cartas_100M";-51,314876411;-3,381129779;"1511-AV-B-068";"Grande Carajás - Folha Altamira";"Concentrado de Bateia";"Análise semiquantitativa";"SGB-CPRM - Rigeo";"< 1 %";;;;;;;;;;"< 1 %";;;;"< 1 %";;"75 - 100 %";"< 1 %";"25 - 50 %";;"< 1 %";;"< 1 %";;;;"< 1 %";;;;;;"< 1 %";"5 - 25 %"
61;"DBX222";"cartas_100M";-51,278241123;-3,407641623;"1511-AV-B-070";"Grande Carajás - Folha Altamira";"Concentrado de Bateia";"Análise semiquantitativa";"SGB-CPRM - Rigeo";"< 1 %";;;;;"< 1 %";;;;;"< 1 %";;;;"< 1 %";;"75 - 100 %";"< 1 %";"< 1 %";;"< 1 %";;"< 1 %";;;;"< 1 %";;;;"< 1 %";;"< 1 %";"1 - 5 %"
62;"DBX223";"cartas_100M";-51,450199909;-3,298800593;"1511-AV-B-071";"Grande Carajás - Folha Altamira";"Concentrado de Bateia";"Análise semiquantitativa";"SGB-CPRM - Rigeo";"< 1 %";;;;;"< 1 %";;;;;"< 1 %";;;;;;"75 - 100 %";;"< 1 %";;"< 1 %";;;;;;"< 1 %";;;;"< 1 %";;"< 1 %";"5 - 25 %"
63;"DBX224";"cartas_100M";-51,429549548;-3,310809639;"1511-AV-B-072";"Grande Carajás - Folha Altamira";"Concentrado de Bateia";"Análise semiquantitativa";"SGB-CPRM - Rigeo";"< 1 %";;"< 1 %";;;"< 1 %";;;;;"< 1 %";;;;;;"75 - 100 %";"< 1 %";"25 - 50 %";;"< 1 %";;"< 1 %";;;;"< 1 %";;;;;"< 1 %";"< 1 %";"1 - 5 %"
64;"DBX037";"cartas_100M";-52,110375655;-3,934851207;"1511-JL-B-001";"Grande Carajás - Folha Altamira";"Concentrado de Bateia";"Análise semiquantitativa";"SGB-CPRM - Rigeo";"< 1 %";;;;;;;;;;"< 1 %";;;;"< 1 %";;"75 - 100 %";"< 1 %";;;"1 - 5 %";;"< 1 %";;;;"< 1 %";;;;;"< 1 %";"< 1 %";"5 - 25 %"
65;"DBX038";"cartas_100M";-52,113486388;-3,941008964;"1511-JL-B-002";"Grande Carajás - Folha Altamira";"Concentrado de Bateia";"Análise semiquantitativa";"SGB-CPRM - Rigeo";;;;;;"< 1 %";;;;;"< 1 %";;;;;;"50 - 75 %";"< 1 %";"5 - 25 %";;"5 - 25 %";;"< 1 %";;;;"< 1 %";;"< 1 %";;;;"< 1 %";"5 - 25 %"
66;"DBX039";"cartas_100M";-52,115328574;-3,946959571;"1511-JL-B-003";"Grande Carajás - Folha Altamira";"Concentrado de Bateia";"Análise semiquantitativa";"SGB-CPRM - Rigeo";;;;;;"< 1 %";;;;;;"< 1 %";;;"< 1 %";;"75 - 100 %";;;;"1 - 5 %";;;;;;"< 1 %";;;;;"< 1 %";"< 1 %";"5 - 25 %"
67;"DBX040";"cartas_100M";-52,119637728;-3,95315185;"1511-JL-B-004";"Grande Carajás - Folha Altamira";"Concentrado de Bateia";"Análise semiquantitativa";"SGB-CPRM - Rigeo";;;;;;;;;;;"< 1 %";;;;;;"75 - 100 %";"< 1 %";"25 - 50 %";;"1 - 5 %";;"< 1 %";;;;"< 1 %";;;;;;;"5 - 25 %"
68;"DBX041";"cartas_100M";-52,129878436;-3,985397211;"1511-JL-B-005";"Grande Carajás - Folha Altamira";"Concentrado de Bateia";"Análise semiquantitativa";"SGB-CPRM - Rigeo";;;;;;;;;;;"< 1 %";"< 1 %";;;;;"75 - 100 %";;"25 - 50 %";;"1 - 5 %";;;;;;"< 1 %";;;;;;"< 1 %";"5 - 25 %"
69;"DBX042";"cartas_100M";-52,108156763;-3,984582312;"1511-JL-B-006";"Grande Carajás - Folha Altamira";"Concentrado de Bateia";"Análise semiquantitativa";"SGB-CPRM - Rigeo";"< 1 %";;;;;;;;;;"< 1 %";"< 1 %";;;;;"50 - 75 %";"< 1 %";;;"1 - 5 %";;;;;;"< 1 %";;;;;"< 1 %";;"25 - 50 %"
70;"DBX043";"cartas_100M";-52,069478186;-3,911190779;"1511-JL-B-008";"Grande Carajás - Folha Altamira";"Concentrado de Bateia";"Análise semiquantitativa";"SGB-CPRM - Rigeo";;;;;;;;;;;;"< 1 %";;;;;"75 - 100 %";;"25 - 50 %";;"1 - 5 %";;;;;;"< 1 %";;;;;;"< 1 %";"5 - 25 %"
71;"DBX044";"cartas_100M";-52,071405781;-3,906964821;"1511-JL-B-009";"Grande Carajás - Folha Altamira";"Concentrado de Bateia";"Análise semiquantitativa";"SGB-CPRM - Rigeo";"< 1 %";;;;;;;;;;;;;;;;"5 - 25 %";"< 1 %";;;"25 - 50 %";;"< 1 %";;;;"< 1 %";;;;;;;"25 - 50 %"
72;"DBX045";"cartas_100M";-52,064793171;-3,913518487;"1511-JL-B-010";"Grande Carajás - Folha Altamira";"Concentrado de Bateia";"Análise semiquantitativa";"SGB-CPRM - Rigeo";;;;;;;;;;;;;;;;;"50 - 75 %";;;;"1 - 5 %";;;;;;"< 1 %";;;;;;"< 1 %";"25 - 50 %"
73;"DBX046";"cartas_100M";-52,061768607;-3,920690958;"1511-JL-B-011";"Grande Carajás - Folha Altamira";"Concentrado de Bateia";"Análise semiquantitativa";"SGB-CPRM - Rigeo";;;;;;;;;;;"< 1 %";;;;;;"75 - 100 %";;"25 - 50 %";;"1 - 5 %";;"< 1 %";;;;"< 1 %";;;;;"< 1 %";"< 1 %";"5 - 25 %"
74;"DBX047";"cartas_100M";-52,058475784;-3,93719513;"1511-JL-B-012";"Grande Carajás - Folha Altamira";"Concentrado de Bateia";"Análise semiquantitativa";"SGB-CPRM - Rigeo";;;;;;"< 1 %";;;;;;;;;;;"50 - 75 %";;;;"5 - 25 %";;;;;;"< 1 %";;;;;;"< 1 %";"25 - 50 %"
75;"DBX048";"cartas_100M";-52,044324235;-3,919553398;"1511-JL-B-013";"Grande Carajás - Folha Altamira";"Concentrado de Bateia";"Análise semiquantitativa";"SGB-CPRM - Rigeo";;;;;;;;;;;;;;;;;"50 - 75 %";;;;"< 1 %";;;;;;"< 1 %";;;;;;"< 1 %";"25 - 50 %"
76;"DBX049";"cartas_100M";-52,025516332;-3,912233979;"1511-JL-B-014";"Grande Carajás - Folha Altamira";"Concentrado de Bateia";"Análise semiquantitativa";"SGB-CPRM - Rigeo";"< 1 %";;;;;;;;;;"< 1 %";"< 1 %";;;;;"50 - 75 %";;;;"1 - 5 %";;;;;;"< 1 %";;;;;;"< 1 %";"5 - 25 %"
77;"DBX050";"cartas_100M";-52,017413506;-3,878041932;"1511-JL-B-016";"Grande Carajás - Folha Altamira";"Concentrado de Bateia";"Análise semiquantitativa";"SGB-CPRM - Rigeo";;;;;;;;;;;"< 1 %";"< 1 %";;;;;"75 - 100 %";;;;"1 - 5 %";;"< 1 %";;;;"< 1 %";;;;;;"< 1 %";"5 - 25 %"
78;"DBX051";"cartas_100M";-52,011539336;-3,864286277;"1511-JL-B-018";"Grande Carajás - Folha Altamira";"Concentrado de Bateia";"Análise semiquantitativa";"SGB-CPRM - Rigeo";;;;;;;;;;;"< 1 %";"< 1 %";;"< 1 %";;;"25 - 50 %";;;;"5 - 25 %";;;;;;"< 1 %";;;;;;"< 1 %";"25 - 50 %"
79;"DBX052";"cartas_100M";-51,979580541;-3,908694035;"1511-JL-B-020";"Grande Carajás - Folha Altamira";"Concentrado de Bateia";"Análise semiquantitativa";"SGB-CPRM - Rigeo";"< 1 %";;;;;;;;;;;;;;;;"5 - 25 %";;;;"25 - 50 %";;;;;;"< 1 %";;"< 1 %";;;;"1 - 5 %";"25 - 50 %"
80;"DBX053";"cartas_100M";-51,948694289;-3,788826695;"1511-JL-B-021";"Grande Carajás - Folha Altamira";"Concentrado de Bateia";"Análise semiquantitativa";"SGB-CPRM - Rigeo";;;;;;;;;;;;;;;;;"25 - 50 %";;;;"5 - 25 %";;"1 - 5 %";;;;"< 1 %";;;;;;"1 - 5 %";"25 - 50 %"
81;"DBX054";"cartas_100M";-51,963933081;-3,789720804;"1511-JL-B-022";"Grande Carajás - Folha Altamira";"Concentrado de Bateia";"Análise semiquantitativa";"SGB-CPRM - Rigeo";;;;;;;;;;;;;;;"< 1 %";;"50 - 75 %";;;;"5 - 25 %";;;;;;"< 1 %";;;;;;"< 1 %";"5 - 25 %"
82;"DBX055";"cartas_100M";-51,966560451;-3,813217581;"1511-JL-B-023";"Grande Carajás - Folha Altamira";"Concentrado de Bateia";"Análise semiquantitativa";"SGB-CPRM - Rigeo";;;;;;;;;"< 1 %";;;;;;;;"50 - 75 %";;;;"5 - 25 %";;;;;;"< 1 %";;;;;;"1 - 5 %";"5 - 25 %"
83;"DBX056";"cartas_100M";-51,971695804;-3,799274354;"1511-JL-B-024";"Grande Carajás - Folha Altamira";"Concentrado de Bateia";"Análise semiquantitativa";"SGB-CPRM - Rigeo";;;;;;;;;;;;;"< 1 %";;;;"5 - 25 %";;;;"25 - 50 %";;;;;;"< 1 %";;;;;;"5 - 25 %";"25 - 50 %"
84;"DBX057";"cartas_100M";-51,985999211;-3,821846053;"1511-JL-B-025";"Grande Carajás - Folha Altamira";"Concentrado de Bateia";"Análise semiquantitativa";"SGB-CPRM - Rigeo";;;;;;;;;;;"< 1 %";;;;;;"25 - 50 %";;"< 1 %";;"5 - 25 %";;"< 1 %";;;;"< 1 %";;"< 1 %";;;"< 1 %";"< 1 %";"25 - 50 %"
85;"DBX058";"cartas_100M";-51,996580567;-3,824417409;"1511-JL-B-026";"Grande Carajás - Folha Altamira";"Concentrado de Bateia";"Análise semiquantitativa";"SGB-CPRM - Rigeo";;;;;;;;;;;"< 1 %";"< 1 %";;;;;"25 - 50 %";;"< 1 %";;"1 - 5 %";;"< 1 %";;;;"< 1 %";;"< 1 %";;;"< 1 %";"< 1 %";"50 - 75 %"
86;"DBX059";"cartas_100M";-52,00504384;-3,83085134;"1511-JL-B-027";"Grande Carajás - Folha Altamira";"Concentrado de Bateia";"Análise semiquantitativa";"SGB-CPRM - Rigeo";"< 1 %";;;;;;;;;;"< 1 %";"< 1 %";;;;;"25 - 50 %";;"< 1 %";;"5 - 25 %";;"< 1 %";;;;"< 1 %";;;;;"< 1 %";"< 1 %";"25 - 50 %"
87;"DBX060";"cartas_100M";-52,010639109;-3,827452586;"1511-JL-B-028";"Grande Carajás - Folha Altamira";"Concentrado de Bateia";"Análise semiquantitativa";"SGB-CPRM - Rigeo";"< 1 %";;;;;;;;;;;"< 1 %";;;;;"50 - 75 %";;"< 1 %";;"5 - 25 %";;"< 1 %";;;;"< 1 %";;"< 1 %";;;;"< 1 %";"5 - 25 %"
88;"DBX061";"cartas_100M";-52,027614494;-3,812316419;"1511-JL-B-030";"Grande Carajás - Folha Altamira";"Concentrado de Bateia";"Análise semiquantitativa";"SGB-CPRM - Rigeo";"< 1 %";;;;;;;;;;"< 1 %";;;;;;"25 - 50 %";;"< 1 %";;"5 - 25 %";;"< 1 %";;;;"< 1 %";;"< 1 %";;;;"< 1 %";"25 - 50 %"
89;"DBX062";"cartas_100M";-52,025996273;-3,799947129;"1511-JL-B-031";"Grande Carajás - Folha Altamira";"Concentrado de Bateia";"Análise semiquantitativa";"SGB-CPRM - Rigeo";"< 1 %";;;;;;;;;;"< 1 %";;;;;;"25 - 50 %";;"< 1 %";;"5 - 25 %";;"< 1 %";;;;"< 1 %";;;;;"< 1 %";;"25 - 50 %"
90;"DBX063";"cartas_100M";-52,022997614;-3,790501172;"1511-JL-B-033";"Grande Carajás - Folha Altamira";"Concentrado de Bateia";"Análise semiquantitativa";"SGB-CPRM - Rigeo";"< 1 %";;;;;;;;;;;;;;;;"25 - 50 %";;"< 1 %";;"5 - 25 %";;"< 1 %";;;;"< 1 %";;;;;"< 1 %";;"25 - 50 %"
91;"DBX064";"cartas_100M";-52,02181966;-3,780886752;"1511-JL-B-035";"Grande Carajás - Folha Altamira";"Concentrado de Bateia";"Análise semiquantitativa";"SGB-CPRM - Rigeo";;;;;;;;;;;"< 1 %";"< 1 %";;;"< 1 %";;"50 - 75 %";;"< 1 %";;"5 - 25 %";;"< 1 %";;;;"< 1 %";;"< 1 %";;;;;"5 - 25 %"
92;"DBX065";"cartas_100M";-52,005865138;-3,741921193;"1511-JL-B-037";"Grande Carajás - Folha Altamira";"Concentrado de Bateia";"Análise semiquantitativa";"SGB-CPRM - Rigeo";;;;;;;;;;;"< 1 %";;;;;;"50 - 75 %";;"< 1 %";;"1 - 5 %";;"< 1 %";;;;"< 1 %";;;;;;;"25 - 50 %"
93;"DBX066";"cartas_100M";-51,83819746;-3,653225605;"1511-JL-B-039";"Grande Carajás - Folha Altamira";"Concentrado de Bateia";"Análise semiquantitativa";"SGB-CPRM - Rigeo";;;;;;;;;;;"< 1 %";;;;;;"50 - 75 %";;"< 1 %";;"5 - 25 %";;"< 1 %";;;;"< 1 %";;"< 1 %";;;"< 1 %";;"5 - 25 %"
94;"DBX067";"cartas_100M";-51,797079166;-3,628719193;"1511-JL-B-041";"Grande Carajás - Folha Altamira";"Concentrado de Bateia";"Análise semiquantitativa";"SGB-CPRM - Rigeo";"< 1 %";;;;;"< 1 %";;;;;;;;;;;"50 - 75 %";;;;"5 - 25 %";;"< 1 %";;;;"< 1 %";;;;;"< 1 %";"< 1 %";"5 - 25 %"
95;"DBX068";"cartas_100M";-51,825049914;-3,635683473;"1511-JL-B-042";"Grande Carajás - Folha Altamira";"Concentrado de Bateia";"Análise semiquantitativa";"SGB-CPRM - Rigeo";"< 1 %";;;;;"< 1 %";;;;;;;;;;;"1 - 5 %";;"25 - 50 %";;"< 1 %";;"50 - 75 %";;;;"< 1 %";;;;;"< 1 %";"< 1 %";"1 - 5 %"
96;"DBX069";"cartas_100M";-51,827092849;-3,643005171;"1511-JL-B-043";"Grande Carajás - Folha Altamira";"Concentrado de Bateia";"Análise semiquantitativa";"SGB-CPRM - Rigeo";"< 1 %";;;;;"< 1 %";;;;;"< 1 %";;;;;;"25 - 50 %";;"25 - 50 %";;"< 1 %";;"25 - 50 %";;;;"< 1 %";;;;;"1 - 5 %";"< 1 %";"1 - 5 %"
97;"DBX070";"cartas_100M";-51,829413823;-3,668592294;"1511-JL-B-044";"Grande Carajás - Folha Altamira";"Concentrado de Bateia";"Análise semiquantitativa";"SGB-CPRM - Rigeo";"< 1 %";;;;;;;;;;"5 - 25 %";;;;;;"50 - 75 %";;"5 - 25 %";;"1 - 5 %";;"< 1 %";;;;"< 1 %";;;;;"< 1 %";"< 1 %";"5 - 25 %"
98;"DBX071";"cartas_100M";-51,834972509;-3,67764052;"1511-JL-B-045";"Grande Carajás - Folha Altamira";"Concentrado de Bateia";"Análise semiquantitativa";"SGB-CPRM - Rigeo";"< 1 %";;;;;"1 - 5 %";;"< 1 %";;;"< 1 %";"< 1 %";;;"< 1 %";;"75 - 100 %";;"25 - 50 %";;"1 - 5 %";;"< 1 %";;;;"< 1 %";"< 1 %";"< 1 %";;;"< 1 %";"< 1 %";"5 - 25 %"
99;"DBX257";"cartas_100M";-52,396191372;-3,731001903;"1511-JL-B-047";"Grande Carajás - Folha Altamira";"Concentrado de Bateia";"Análise semiquantitativa";"SGB-CPRM - Rigeo";"< 1 %";;;;;;;;;;;"< 1 %";;;;;"75 - 100 %";"< 1 %";"25 - 50 %";;"< 1 %";;"< 1 %";;;;"< 1 %";;;;;;"< 1 %";"< 1 %"
100;"DBX258";"cartas_100M";-52,401103375;-3,742730613;"1511-JL-B-048";"Grande Carajás - Folha Altamira";"Concentrado de Bateia";"Análise semiquantitativa";"SGB-CPRM - Rigeo";"< 1 %";;;;;"< 1 %";;;;;"< 1 %";;"< 1 %";;;;"75 - 100 %";"< 1 %";"25 - 50 %";;"< 1 %";;"< 1 %";;;;"< 1 %";;;;;"< 1 %";"< 1 %";"5 - 25 %"
101;"DBX259";"cartas_100M";-52,42501603;-3,756653204;"1511-JL-B-049";"Grande Carajás - Folha Altamira";"Concentrado de Bateia";"Análise semiquantitativa";"SGB-CPRM - Rigeo";"< 1 %";;;;;"< 1 %";;;;;;;;;"< 1 %";;"75 - 100 %";;"25 - 50 %";;"1 - 5 %";;;;;;"< 1 %";;;;;;"< 1 %";"5 - 25 %"
102;"DBX260";"cartas_100M";-52,480035826;-3,792607004;"1511-JL-B-050";"Grande Carajás - Folha Altamira";"Concentrado de Bateia";"Análise semiquantitativa";"SGB-CPRM - Rigeo";"< 1 %";;;;;"< 1 %";;;;;;;;;;;"25 - 50 %";;"25 - 50 %";;"5 - 25 %";;"< 1 %";;;;"< 1 %";;;;;;"< 1 %";"5 - 25 %"
103;"DBX261";"cartas_100M";-52,477198825;-3,790936864;"1511-JL-B-051";"Grande Carajás - Folha Altamira";"Concentrado de Bateia";"Análise semiquantitativa";"SGB-CPRM - Rigeo";"< 1 %";;;;;"< 1 %";;;;;;;;;"< 1 %";;"50 - 75 %";;"25 - 50 %";;"< 1 %";;"< 1 %";;;;"< 1 %";;;;;"< 1 %";"< 1 %";"5 - 25 %"
104;"DBX262";"cartas_100M";-52,474468561;-3,789159136;"1511-JL-B-052";"Grande Carajás - Folha Altamira";"Concentrado de Bateia";"Análise semiquantitativa";"SGB-CPRM - Rigeo";"< 1 %";;;;;"< 1 %";;;;;;;;;;;"75 - 100 %";;"25 - 50 %";;"< 1 %";;;;;;"< 1 %";;;;;;"< 1 %";"5 - 25 %"
105;"DBX263";"cartas_100M";-52,470546823;-3,787131885;"1511-JL-B-053";"Grande Carajás - Folha Altamira";"Concentrado de Bateia";"Análise semiquantitativa";"SGB-CPRM - Rigeo";"< 1 %";;;;;"< 1 %";;;;;"< 1 %";"< 1 %";;;;;"75 - 100 %";;"25 - 50 %";;"< 1 %";;;;;;"< 1 %";;;;;"< 1 %";"< 1 %";"5 - 25 %"
106;"DBX264";"cartas_100M";-52,468449302;-3,785711982;"1511-JL-B-054";"Grande Carajás - Folha Altamira";"Concentrado de Bateia";"Análise semiquantitativa";"SGB-CPRM - Rigeo";"< 1 %";;;;;"< 1 %";;;;;"< 1 %";;"< 1 %";;"< 1 %";;"75 - 100 %";"< 1 %";"< 1 %";;"< 1 %";;"< 1 %";;;;"< 1 %";;;;;"< 1 %";"< 1 %";"5 - 25 %"
107;"DBX265";"cartas_100M";-52,460951201;-3,781776439;"1511-JL-B-055";"Grande Carajás - Folha Altamira";"Concentrado de Bateia";"Análise semiquantitativa";"SGB-CPRM - Rigeo";"< 1 %";;;;;"< 1 %";;;;;"< 1 %";;"< 1 %";;"< 1 %";;"75 - 100 %";"< 1 %";"5 - 25 %";;"< 1 %";;;;;;"< 1 %";;;;;"< 1 %";;"5 - 25 %"
108;"DBX266";"cartas_100M";-52,456909426;-3,779163332;"1511-JL-B-056";"Grande Carajás - Folha Altamira";"Concentrado de Bateia";"Análise semiquantitativa";"SGB-CPRM - Rigeo";"< 1 %";;;;;;;;;;;;"< 1 %";;"< 1 %";;"75 - 100 %";"< 1 %";"< 1 %";;"< 1 %";;"< 1 %";;;;"< 1 %";;;;;;;"1 - 5 %"
109;"DBX267";"cartas_100M";-52,417007032;-3,787931926;"1511-JL-B-057";"Grande Carajás - Folha Altamira";"Concentrado de Bateia";"Análise semiquantitativa";"SGB-CPRM - Rigeo";"< 1 %";;;;;"< 1 %";;;;;"< 1 %";"< 1 %";;;"< 1 %";;"75 - 100 %";;"< 1 %";;"< 1 %";;"< 1 %";;;;"< 1 %";;;;;;"< 1 %";"5 - 25 %"
110;"DBX268";"cartas_100M";-52,424752893;-3,787562822;"1511-JL-B-058";"Grande Carajás - Folha Altamira";"Concentrado de Bateia";"Análise semiquantitativa";"SGB-CPRM - Rigeo";"< 1 %";;;;;"< 1 %";;;;;"< 1 %";;;;"< 1 %";;"75 - 100 %";"< 1 %";"25 - 50 %";;"< 1 %";;"< 1 %";;;;"< 1 %";;;;;"< 1 %";"< 1 %";"5 - 25 %"
111;"DBX269";"cartas_100M";-52,431105773;-3,78481209;"1511-JL-B-059";"Grande Carajás - Folha Altamira";"Concentrado de Bateia";"Análise semiquantitativa";"SGB-CPRM - Rigeo";;;;;;"< 1 %";;;;;;;;;;;"75 - 100 %";"< 1 %";"25 - 50 %";;"< 1 %";;;;;;"< 1 %";;;;;"< 1 %";"< 1 %";"1 - 5 %"
112;"DBX270";"cartas_100M";-52,434291002;-3,763175456;"1511-JL-B-061";"Grande Carajás - Folha Altamira";"Concentrado de Bateia";"Análise semiquantitativa";"SGB-CPRM - Rigeo";"< 1 %";;;;;"< 1 %";;;;;;;"< 1 %";;;;"75 - 100 %";;"25 - 50 %";;"< 1 %";;;;;;"< 1 %";;;;;"< 1 %";"< 1 %";"1 - 5 %"
113;"DBX271";"cartas_100M";-52,435422539;-3,743302556;"1511-JL-B-062";"Grande Carajás - Folha Altamira";"Concentrado de Bateia";"Análise semiquantitativa";"SGB-CPRM - Rigeo";"< 1 %";;;;;"< 1 %";;;;;;;;;;;"75 - 100 %";"< 1 %";"25 - 50 %";;"< 1 %";;;;;;"< 1 %";;;;;;"< 1 %";"5 - 25 %"
114;"DBX272";"cartas_100M";-52,44670781;-3,741699406;"1511-JL-B-064";"Grande Carajás - Folha Altamira";"Concentrado de Bateia";"Análise semiquantitativa";"SGB-CPRM - Rigeo";"< 1 %";;;;;"< 1 %";;;;;"< 1 %";;;;;;"75 - 100 %";;"25 - 50 %";;"< 1 %";;;;;;"< 1 %";;;;;;"< 1 %";"5 - 25 %"
115;"DBX273";"cartas_100M";-52,449103766;-3,732771072;"1511-JL-B-066";"Grande Carajás - Folha Altamira";"Concentrado de Bateia";"Análise semiquantitativa";"SGB-CPRM - Rigeo";"< 1 %";;;;;"< 1 %";;;;;"< 1 %";"< 1 %";;;"< 1 %";;"75 - 100 %";;"25 - 50 %";;"< 1 %";;;;;;"< 1 %";;;;;"< 1 %";"< 1 %";"5 - 25 %"
116;"DBX274";"cartas_100M";-52,444176296;-3,723100774;"1511-JL-B-067";"Grande Carajás - Folha Altamira";"Concentrado de Bateia";"Análise semiquantitativa";"SGB-CPRM - Rigeo";"< 1 %";;;;;"< 1 %";;;;;"< 1 %";"< 1 %";;;"< 1 %";;"75 - 100 %";"< 1 %";"25 - 50 %";;"< 1 %";;"< 1 %";;;;"< 1 %";;;;;;"< 1 %";"5 - 25 %"
117;"DBX284";"cartas_100M";-52,448467676;-3,722524196;"1511-JL-B-068";"Grande Carajás - Folha Altamira";"Concentrado de Bateia";"Análise semiquantitativa";"SGB-CPRM - Rigeo";"< 1 %";;;;;;"< 1 %";;;;;"< 1 %";"< 1 %";;"< 1 %";;"75 - 100 %";"< 1 %";"25 - 50 %";"< 1 %";"< 1 %";;"< 1 %";;;;"< 1 %";;;;;"< 1 %";"< 1 %";"1 - 5 %"
118;"DBX275";"cartas_100M";-52,453508089;-3,721693287;"1511-JL-B-070";"Grande Carajás - Folha Altamira";"Concentrado de Bateia";"Análise semiquantitativa";"SGB-CPRM - Rigeo";"< 1 %";;;;;"< 1 %";;;;;"< 1 %";"< 1 %";;;;;"75 - 100 %";"< 1 %";"25 - 50 %";;"< 1 %";;;;;;"< 1 %";;;;;"< 1 %";"< 1 %";"5 - 25 %"
119;"DBX276";"cartas_100M";-52,416614243;-3,702656605;"1511-JL-B-072";"Grande Carajás - Folha Altamira";"Concentrado de Bateia";"Análise semiquantitativa";"SGB-CPRM - Rigeo";"< 1 %";;;;;;;;;;"< 1 %";"< 1 %";"< 1 %";;;;"75 - 100 %";;"25 - 50 %";;"< 1 %";;"< 1 %";;;;"< 1 %";;;;;"< 1 %";"< 1 %";"1 - 5 %"
120;"DBX277";"cartas_100M";-52,421841332;-3,695300667;"1511-JL-B-073";"Grande Carajás - Folha Altamira";"Concentrado de Bateia";"Análise semiquantitativa";"SGB-CPRM - Rigeo";"< 1 %";;;;;"< 1 %";;;;;"< 1 %";"< 1 %";"< 1 %";;"< 1 %";;"75 - 100 %";"< 1 %";"25 - 50 %";;"< 1 %";;;;;;"< 1 %";;;;;"< 1 %";"< 1 %";"5 - 25 %"
121;"DBX278";"cartas_100M";-52,34706345;-3,619223684;"1511-JL-B-074";"Grande Carajás - Folha Altamira";"Concentrado de Bateia";"Análise semiquantitativa";"SGB-CPRM - Rigeo";"< 1 %";;;;;"< 1 %";;;;;"< 1 %";;"< 1 %";;"< 1 %";;"75 - 100 %";;"25 - 50 %";;"< 1 %";;"< 1 %";;;;"< 1 %";;;;;;"< 1 %";"25 - 50 %"
122;"DBX279";"cartas_100M";-52,325615651;-3,579852544;"1511-JL-B-075";"Grande Carajás - Folha Altamira";"Concentrado de Bateia";"Análise semiquantitativa";"SGB-CPRM - Rigeo";"< 1 %";;;;;"< 1 %";;;;;"< 1 %";;"< 1 %";;"< 1 %";;"75 - 100 %";"< 1 %";"25 - 50 %";;"< 1 %";;"< 1 %";;;;"< 1 %";;;;;"< 1 %";"< 1 %";"5 - 25 %"
123;"DBX280";"cartas_100M";-52,179828946;-3,313714848;"1511-JL-B-076";"Grande Carajás - Folha Altamira";"Concentrado de Bateia";"Análise semiquantitativa";"SGB-CPRM - Rigeo";"< 1 %";;;;;"< 1 %";;;;;"< 1 %";;"< 1 %";;"< 1 %";;"25 - 50 %";;"25 - 50 %";;"< 1 %";;"< 1 %";;;;"< 1 %";;;;;"< 1 %";"< 1 %";"25 - 50 %"
124;"DBX281";"cartas_100M";-51,927032021;-3,58829293;"1511-JL-B-077";"Grande Carajás - Folha Altamira";"Concentrado de Bateia";"Análise semiquantitativa";"SGB-CPRM - Rigeo";"< 1 %";;;;;"< 1 %";;;;;"< 1 %";;"< 1 %";;"< 1 %";;"75 - 100 %";"< 1 %";"< 1 %";;"< 1 %";;;;;;"< 1 %";;;;;"< 1 %";"< 1 %";"1 - 5 %"
125;"DBX282";"cartas_100M";-51,91513136;-3,603848051;"1511-JL-B-078";"Grande Carajás - Folha Altamira";"Concentrado de Bateia";"Análise semiquantitativa";"SGB-CPRM - Rigeo";"< 1 %";;;;;"< 1 %";;"< 1 %";;;"< 1 %";"< 1 %";"< 1 %";;;;"75 - 100 %";"< 1 %";"< 1 %";;"< 1 %";;;;;;"< 1 %";;;;;"< 1 %";"< 1 %";"5 - 25 %"
126;"DBX283";"cartas_100M";-51,910116082;-3,602345849;"1511-JL-B-079";"Grande Carajás - Folha Altamira";"Concentrado de Bateia";"Análise semiquantitativa";"SGB-CPRM - Rigeo";"< 1 %";;;;;"< 1 %";"< 1 %";;;;;;"< 1 %";;"< 1 %";;"25 - 50 %";;"25 - 50 %";;"< 1 %";;"< 1 %";;;;"< 1 %";;;;;"< 1 %";;"25 - 50 %"
127;"DBX509";"cartas_100M";-51,273078048;-3,882328205;"1511-VR-B-002";"Grande Carajás - Folha Altamira";"Concentrado de Bateia";"Análise semiquantitativa";"SGB-CPRM - Rigeo";"< 1 %";;"< 1 %";;;;"< 1 %";;;;"< 1 %";"< 1 %";;;"< 1 %";;"75 - 100 %";"< 1 %";"5 - 25 %";;"< 1 %";;"< 1 %";;;;;;"< 1 %";;;"< 1 %";"< 1 %";"1 - 5 %"
128;"DBX510";"cartas_100M";-51,263626292;-3,87725787;"1511-VR-B-005";"Grande Carajás - Folha Altamira";"Concentrado de Bateia";"Análise semiquantitativa";"SGB-CPRM - Rigeo";"< 1 %";;"< 1 %";;;;;;;;"< 1 %";;;;"< 1 %";;"75 - 100 %";;"25 - 50 %";;"< 1 %";;"< 1 %";;;;"< 1 %";;;;;"< 1 %";;"5 - 25 %"
129;"DBX511";"cartas_100M";-51,237047051;-3,821691958;"1511-VR-B-008";"Grande Carajás - Folha Altamira";"Concentrado de Bateia";"Análise semiquantitativa";"SGB-CPRM - Rigeo";"< 1 %";;"< 1 %";;;;;;;;"< 1 %";;;;"< 1 %";;"75 - 100 %";;"< 1 %";;"< 1 %";;"< 1 %";;;;"< 1 %";;;;;"< 1 %";;"5 - 25 %"
130;"DBX512";"cartas_100M";-51,221643678;-3,849661696;"1511-VR-B-010";"Grande Carajás - Folha Altamira";"Concentrado de Bateia";"Análise semiquantitativa";"SGB-CPRM - Rigeo";"< 1 %";;"< 1 %";;;;;;;;"< 1 %";"< 1 %";;;"< 1 %";;;"< 1 %";;;"< 1 %";;"< 1 %";;;;"< 1 %";;;;;;;"1 - 5 %"
131;"DBX513";"cartas_100M";-51,221720186;-3,870070322;"1511-VR-B-012";"Grande Carajás - Folha Altamira";"Concentrado de Bateia";"Análise semiquantitativa";"SGB-CPRM - Rigeo";"< 1 %";;"< 1 %";;;"< 1 %";;;;;"< 1 %";;;;"< 1 %";;"75 - 100 %";"< 1 %";"< 1 %";;"< 1 %";;"< 1 %";;;;"< 1 %";;"< 1 %";;;"< 1 %";;"1 - 5 %"
132;"DBX514";"cartas_100M";-51,222722017;-3,876656612;"1511-VR-B-014";"Grande Carajás - Folha Altamira";"Concentrado de Bateia";"Análise semiquantitativa";"SGB-CPRM - Rigeo";"< 1 %";;"< 1 %";;;;;;;;"< 1 %";;;;"< 1 %";;"75 - 100 %";"< 1 %";"< 1 %";;"< 1 %";;"< 1 %";;;;"< 1 %";;;;;"< 1 %";;"1 - 5 %"
133;"DBX515";"cartas_100M";-51,241697034;-3,818426542;"1511-VR-B-016";"Grande Carajás - Folha Altamira";"Concentrado de Bateia";"Análise semiquantitativa";"SGB-CPRM - Rigeo";"< 1 %";;"< 1 %";;;;;;"< 1 %";;"< 1 %";"< 1 %";;;"< 1 %";;;"< 1 %";;;"< 1 %";;"< 1 %";;;;"< 1 %";;"< 1 %";;;"< 1 %";;"1 - 5 %"
134;"DBX516";"cartas_100M";-51,258572473;-3,806799848;"1511-VR-B-018";"Grande Carajás - Folha Altamira";"Concentrado de Bateia";"Análise semiquantitativa";"SGB-CPRM - Rigeo";"< 1 %";;"5 - 25 %";;;;"1 - 5 %";;;;"< 1 %";;;;"< 1 %";"25 - 50 %";"25 - 50 %";;"5 - 25 %";;"< 1 %";;"< 1 %";;;;;;;;;"< 1 %";;"< 1 %"
135;"DBX517";"cartas_100M";-51,25444438;-3,796962108;"1511-VR-B-020";"Grande Carajás - Folha Altamira";"Concentrado de Bateia";"Análise semiquantitativa";"SGB-CPRM - Rigeo";;;;;;"< 1 %";;;;;"1 - 5 %";;;;"1 - 5 %";;"75 - 100 %";"< 1 %";"< 1 %";;"< 1 %";;;;;;"< 1 %";;;;;"< 1 %";;"1 - 5 %"
136;"DBX518";"cartas_100M";-51,266859059;-3,789379092;"1511-VR-B-022";"Grande Carajás - Folha Altamira";"Concentrado de Bateia";"Análise semiquantitativa";"SGB-CPRM - Rigeo";"< 1 %";;"< 1 %";;;;;;;;"< 1 %";;;;"< 1 %";;"75 - 100 %";;"< 1 %";;"< 1 %";;;;;;;;;;;"< 1 %";"< 1 %";"< 1 %"
137;"DBX519";"cartas_100M";-51,266723094;-3,840056282;"1511-VR-B-044";"Grande Carajás - Folha Altamira";"Concentrado de Bateia";"Análise semiquantitativa";"SGB-CPRM - Rigeo";;;"< 1 %";;;;;;;;"< 1 %";"< 1 %";;;"< 1 %";;"5 - 25 %";;"25 - 50 %";;"< 1 %";"< 1 %";"25 - 50 %";;;;"< 1 %";;"< 1 %";;;"< 1 %";;"1 - 5 %"
138;"DBX520";"cartas_100M";-51,265598191;-3,840796822;"1511-VR-B-052";"Grande Carajás - Folha Altamira";"Concentrado de Bateia";"Análise semiquantitativa";"SGB-CPRM - Rigeo";;;"< 1 %";;;;;;;;"< 1 %";;;;"< 1 %";;;;;;"< 1 %";;"< 1 %";;;;"< 1 %";;"< 1 %";;;"< 1 %";;"5 - 25 %"
139;"DBX521";"cartas_100M";-51,343067733;-3,698152038;"1511-VR-B-057";"Grande Carajás - Folha Altamira";"Concentrado de Bateia";"Análise semiquantitativa";"SGB-CPRM - Rigeo";;;"1 - 5 %";;;;;;;;"< 1 %";;;;;;;"< 1 %";;"< 1 %";"< 1 %";;"1 - 5 %";;;;"< 1 %";;;;;"< 1 %";;"5 - 25 %"
140;"DBX522";"cartas_100M";-51,336918365;-3,716631794;"1511-VR-B-059";"Grande Carajás - Folha Altamira";"Concentrado de Bateia";"Análise semiquantitativa";"SGB-CPRM - Rigeo";;;"< 1 %";;;;;;;;"< 1 %";;;;;;;;;"< 1 %";"< 1 %";;"1 - 5 %";;;"< 1 %";"< 1 %";;;;;"< 1 %";;"1 - 5 %"
141;"DBX523";"cartas_100M";-51,297315336;-3,714498521;"1511-VR-B-061";"Grande Carajás - Folha Altamira";"Concentrado de Bateia";"Análise semiquantitativa";"SGB-CPRM - Rigeo";;;"< 1 %";;;;;;;;"< 1 %";;;;;;;;;;"< 1 %";;"< 1 %";;;"< 1 %";"< 1 %";;;;;"< 1 %";;"1 - 5 %"
142;"DBX524";"cartas_100M";-51,313781683;-3,752198083;"1511-VR-B-065";"Grande Carajás - Folha Altamira";"Concentrado de Bateia";"Análise semiquantitativa";"SGB-CPRM - Rigeo";;;"< 1 %";;;;;;;;"< 1 %";;;;;;;"< 1 %";;;"< 1 %";;"< 1 %";;;;"< 1 %";;;;;"< 1 %";;"< 1 %"
143;"DBX525";"cartas_100M";-51,315412095;-3,756400912;"1511-VR-B-067";"Grande Carajás - Folha Altamira";"Concentrado de Bateia";"Análise semiquantitativa";"SGB-CPRM - Rigeo";;;"< 1 %";;;;;;;;"< 1 %";;;;;;"75 - 100 %";"< 1 %";"5 - 25 %";;"< 1 %";;"< 1 %";;;"< 1 %";"< 1 %";;;;;"< 1 %";;"1 - 5 %"
144;"DBX526";"cartas_100M";-51,312664638;-3,744905009;"1511-VR-B-069";"Grande Carajás - Folha Altamira";"Concentrado de Bateia";"Análise semiquantitativa";"SGB-CPRM - Rigeo";"< 1 %";"< 1 %";"< 1 %";;"< 1 %";"< 1 %";;;;;"< 1 %";;;;"< 1 %";;"75 - 100 %";"< 1 %";"< 1 %";;"< 1 %";;;;;;"< 1 %";;;;;"< 1 %";;"5 - 25 %"
145;"DBX527";"cartas_100M";-51,248205996;-3,731872173;"1511-VR-B-071";"Grande Carajás - Folha Altamira";"Concentrado de Bateia";"Análise semiquantitativa";"SGB-CPRM - Rigeo";;;"< 1 %";;;;;;;;"< 1 %";;"< 1 %";;"< 1 %";;;;;"< 1 %";"< 1 %";"< 1 %";"< 1 %";;;;"< 1 %";;;;;"< 1 %";;"1 - 5 %"
146;"DBX528";"cartas_100M";-51,223815465;-3,737963617;"1511-VR-B-073";"Grande Carajás - Folha Altamira";"Concentrado de Bateia";"Análise semiquantitativa";"SGB-CPRM - Rigeo";;"< 1 %";"< 1 %";;;;;;;;"< 1 %";;;;;;;;;;"< 1 %";;"< 1 %";;;"< 1 %";"< 1 %";;;;;"< 1 %";;"1 - 5 %"
147;"DBX529";"cartas_100M";-51,223911825;-3,739848635;"1511-VR-B-075";"Grande Carajás - Folha Altamira";"Concentrado de Bateia";"Análise semiquantitativa";"SGB-CPRM - Rigeo";"< 1 %";;;;;;;;;;"< 1 %";"< 1 %";;;"< 1 %";;"75 - 100 %";"< 1 %";"< 1 %";;"1 - 5 %";;"< 1 %";;;;"< 1 %";;"< 1 %";;;;"< 1 %";"1 - 5 %"
148;"DBX530";"cartas_100M";-51,192965198;-3,644180853;"1511-VR-B-079";"Grande Carajás - Folha Altamira";"Concentrado de Bateia";"Análise semiquantitativa";"SGB-CPRM - Rigeo";"< 1 %";;"< 1 %";;;;;;"< 1 %";;"< 1 %";;;;;;"75 - 100 %";"< 1 %";"< 1 %";;"1 - 5 %";;;;;;"< 1 %";"< 1 %";"< 1 %";;;"< 1 %";;"1 - 5 %"
149;"DBX531";"cartas_100M";-51,181423845;-3,639013194;"1511-VR-B-081";"Grande Carajás - Folha Altamira";"Concentrado de Bateia";"Análise semiquantitativa";"SGB-CPRM - Rigeo";"< 1 %";;;;;;;;;;"< 1 %";;;;;;"75 - 100 %";;"25 - 50 %";;"< 1 %";;;;;;"< 1 %";;;;;"< 1 %";"< 1 %";"1 - 5 %"
150;"DBX532";"cartas_100M";-51,178011947;-3,575206166;"1511-VR-B-083";"Grande Carajás - Folha Altamira";"Concentrado de Bateia";"Análise semiquantitativa";"SGB-CPRM - Rigeo";"< 1 %";;"< 1 %";;;;;;;;"< 1 %";"< 1 %";;;;;"75 - 100 %";"< 1 %";"< 1 %";;"< 1 %";;;;;"< 1 %";"< 1 %";"< 1 %";"< 1 %";;;"< 1 %";"< 1 %";"1 - 5 %"
151;"DBX533";"cartas_100M";-51,194939864;-3,546547003;"1511-VR-B-085";"Grande Carajás - Folha Altamira";"Concentrado de Bateia";"Análise semiquantitativa";"SGB-CPRM - Rigeo";"< 1 %";;"< 1 %";;;;;;;;"< 1 %";;;;;;"75 - 100 %";"< 1 %";"< 1 %";;"< 1 %";;;;;;"< 1 %";;"< 1 %";;;;"< 1 %";"1 - 5 %"
152;"DBX534";"cartas_100M";-51,188480447;-3,516259096;"1511-VR-B-087";"Grande Carajás - Folha Altamira";"Concentrado de Bateia";"Análise semiquantitativa";"SGB-CPRM - Rigeo";"< 1 %";;"< 1 %";;;;;;;;"< 1 %";;;;"< 1 %";;"75 - 100 %";;"25 - 50 %";;"< 1 %";;;;;;"< 1 %";;;;;"< 1 %";"< 1 %";"1 - 5 %"
153;"DBX535";"cartas_100M";-51,143994615;-3,085388217;"1511-VR-B-089";"Grande Carajás - Folha Altamira";"Concentrado de Bateia";"Análise semiquantitativa";"SGB-CPRM - Rigeo";"< 1 %";;"< 1 %";;;;;;;;"< 1 %";"< 1 %";;;"< 1 %";;"75 - 100 %";"< 1 %";"25 - 50 %";;"< 1 %";;;;;"< 1 %";"< 1 %";"< 1 %";"< 1 %";;;"< 1 %";;"1 - 5 %"
154;"DBX536";"cartas_100M";-51,147798898;-3,118771387;"1511-VR-B-091";"Grande Carajás - Folha Altamira";"Concentrado de Bateia";"Análise semiquantitativa";"SGB-CPRM - Rigeo";"< 1 %";;"< 1 %";;;;;;;;;;"< 1 %";;"< 1 %";;"75 - 100 %";;"25 - 50 %";;"1 - 5 %";;"< 1 %";;;"< 1 %";"< 1 %";;;;;"< 1 %";"< 1 %";"1 - 5 %"
155;"DBX537";"cartas_100M";-51,160670196;-3,112378469;"1511-VR-B-093";"Grande Carajás - Folha Altamira";"Concentrado de Bateia";"Análise semiquantitativa";"SGB-CPRM - Rigeo";"< 1 %";;;;;;"< 1 %";;;;"< 1 %";"< 1 %";;;"< 1 %";;"75 - 100 %";"< 1 %";"25 - 50 %";;"1 - 5 %";;;;;;"< 1 %";;"< 1 %";;;"< 1 %";"< 1 %";"5 - 25 %"
156;"DBX538";"cartas_100M";-51,143186355;-3,126410949;"1511-VR-B-095";"Grande Carajás - Folha Altamira";"Concentrado de Bateia";"Análise semiquantitativa";"SGB-CPRM - Rigeo";"< 1 %";;"< 1 %";"< 1 %";;;;;;;;;;;"< 1 %";;"75 - 100 %";;"< 1 %";;"< 1 %";;"< 1 %";;;"< 1 %";"< 1 %";"< 1 %";"< 1 %";;;"< 1 %";;"1 - 5 %"
157;"DBX539";"cartas_100M";-51,151794695;-3,135923483;"1511-VR-B-097";"Grande Carajás - Folha Altamira";"Concentrado de Bateia";"Análise semiquantitativa";"SGB-CPRM - Rigeo";"< 1 %";;"< 1 %";;;;;;;;"< 1 %";"< 1 %";;;"< 1 %";;"75 - 100 %";"< 1 %";"< 1 %";;"< 1 %";;;;;;"< 1 %";"< 1 %";"< 1 %";;;;"< 1 %";"1 - 5 %"
158;"DBX540";"cartas_100M";-51,170918615;-3,216606627;"1511-VR-B-101";"Grande Carajás - Folha Altamira";"Concentrado de Bateia";"Análise semiquantitativa";"SGB-CPRM - Rigeo";"< 1 %";;"< 1 %";;;;;;;;"< 1 %";;;;"< 1 %";;"50 - 75 %";"< 1 %";"< 1 %";;"1 - 5 %";;;;;;"< 1 %";"< 1 %";;;;"< 1 %";"< 1 %";"25 - 50 %"
159;"DBX541";"cartas_100M";-51,188811933;-3,188358665;"1511-VR-B-103";"Grande Carajás - Folha Altamira";"Concentrado de Bateia";"Análise semiquantitativa";"SGB-CPRM - Rigeo";"< 1 %";;"< 1 %";;;;;;;;"< 1 %";"< 1 %";;;"< 1 %";;"50 - 75 %";"< 1 %";"< 1 %";;"1 - 5 %";;"< 1 %";;;;"< 1 %";"< 1 %";"< 1 %";;"< 1 %";"< 1 %";;"25 - 50 %"
160;"DBX542";"cartas_100M";-51,178652724;-3,165355312;"1511-VR-B-105";"Grande Carajás - Folha Altamira";"Concentrado de Bateia";"Análise semiquantitativa";"SGB-CPRM - Rigeo";"< 1 %";;"< 1 %";;;;;;"< 1 %";;"< 1 %";"< 1 %";;;"< 1 %";;"50 - 75 %";"< 1 %";"5 - 25 %";;"1 - 5 %";;;;;"< 1 %";"< 1 %";;;;;;"< 1 %";"25 - 50 %"
161;"DBX543";"cartas_100M";-51,170505088;-3,153830099;"1511-VR-B-107";"Grande Carajás - Folha Altamira";"Concentrado de Bateia";"Análise semiquantitativa";"SGB-CPRM - Rigeo";"< 1 %";;"< 1 %";"< 1 %";;;;;;;"< 1 %";"< 1 %";;;"< 1 %";;"75 - 100 %";;"25 - 50 %";;"< 1 %";;"< 1 %";;;"< 1 %";"< 1 %";;;;;;"< 1 %";"5 - 25 %"
162;"DBX544";"cartas_100M";-51,189089426;-3,157192272;"1511-VR-B-109";"Grande Carajás - Folha Altamira";"Concentrado de Bateia";"Análise semiquantitativa";"SGB-CPRM - Rigeo";"< 1 %";;"< 1 %";"< 1 %";;;;;"< 1 %";;"< 1 %";"< 1 %";;;"< 1 %";;"75 - 100 %";"< 1 %";"25 - 50 %";;"< 1 %";;;;;"< 1 %";"< 1 %";;"< 1 %";;;"< 1 %";;"5 - 25 %"
163;"DBX545";"cartas_100M";-51,232858716;-3,192582188;"1511-VR-B-111";"Grande Carajás - Folha Altamira";"Concentrado de Bateia";"Análise semiquantitativa";"SGB-CPRM - Rigeo";"< 1 %";;"< 1 %";;;;;;;;"< 1 %";;;;"< 1 %";;"75 - 100 %";"< 1 %";"25 - 50 %";;"< 1 %";;;;;;"< 1 %";;;;;"< 1 %";;"1 - 5 %"
164;"DBX546";"cartas_100M";-51,25575688;-3,234437912;"1511-VR-B-112";"Grande Carajás - Folha Altamira";"Concentrado de Bateia";"Análise semiquantitativa";"SGB-CPRM - Rigeo";"< 1 %";;"< 1 %";;;;;;;;"< 1 %";"< 1 %";;;"< 1 %";;"75 - 100 %";"< 1 %";"25 - 50 %";;"< 1 %";"< 1 %";;;;;"< 1 %";;;;;"< 1 %";;"1 - 5 %"
165;"DBX547";"cartas_100M";-51,251448114;-3,261578901;"1511-VR-B-114";"Grande Carajás - Folha Altamira";"Concentrado de Bateia";"Análise semiquantitativa";"SGB-CPRM - Rigeo";"< 1 %";;"< 1 %";"< 1 %";;;;;;;"< 1 %";;;;"< 1 %";;"75 - 100 %";"< 1 %";"25 - 50 %";;"< 1 %";;;;;"< 1 %";"< 1 %";;"< 1 %";;;"< 1 %";"< 1 %";"1 - 5 %"
166;"DBX548";"cartas_100M";-51,268548099;-3,310114971;"1511-VR-B-116";"Grande Carajás - Folha Altamira";"Concentrado de Bateia";"Análise semiquantitativa";"SGB-CPRM - Rigeo";"< 1 %";;"< 1 %";"< 1 %";;;;;;;"< 1 %";"< 1 %";;;"< 1 %";;"50 - 75 %";"< 1 %";"25 - 50 %";;"< 1 %";;;;;"< 1 %";"< 1 %";;"< 1 %";;;"< 1 %";"< 1 %";"25 - 50 %"
167;"DBX549";"cartas_100M";-51,265266358;-3,326541125;"1511-VR-B-118";"Grande Carajás - Folha Altamira";"Concentrado de Bateia";"Análise semiquantitativa";"SGB-CPRM - Rigeo";"< 1 %";;"< 1 %";"< 1 %";;"< 1 %";;;;;"< 1 %";;;;;;"75 - 100 %";"< 1 %";"< 1 %";;"< 1 %";;;;;;"< 1 %";;"< 1 %";;;"< 1 %";"< 1 %";"5 - 25 %"
168;"DBX550";"cartas_100M";-51,262877052;-3,324154218;"1511-VR-B-120";"Grande Carajás - Folha Altamira";"Concentrado de Bateia";"Análise semiquantitativa";"SGB-CPRM - Rigeo";"< 1 %";;"< 1 %";"< 1 %";;;;;;;"< 1 %";;;;"< 1 %";;"75 - 100 %";;"25 - 50 %";"< 1 %";"< 1 %";"< 1 %";"< 1 %";;;"< 1 %";"< 1 %";;"< 1 %";;;"< 1 %";;"1 - 5 %"
169;"DBX551";"cartas_100M";-51,264364578;-3,302956386;"1511-VR-B-122";"Grande Carajás - Folha Altamira";"Concentrado de Bateia";"Análise semiquantitativa";"SGB-CPRM - Rigeo";"< 1 %";"< 1 %";"< 1 %";"< 1 %";;"< 1 %";;;;;"< 1 %";;"< 1 %";;"< 1 %";;"75 - 100 %";"< 1 %";"25 - 50 %";;"< 1 %";;;;;"< 1 %";"< 1 %";;"< 1 %";;;"< 1 %";"< 1 %";"1 - 5 %"
170;"DBX552";"cartas_100M";-51,239997795;-3,373205168;"1511-VR-B-124";"Grande Carajás - Folha Altamira";"Concentrado de Bateia";"Análise semiquantitativa";"SGB-CPRM - Rigeo";"< 1 %";;"< 1 %";;;;;;;;"< 1 %";;;;;;"75 - 100 %";;"< 1 %";;"< 1 %";;"< 1 %";;;"< 1 %";"< 1 %";;;;;"< 1 %";;"1 - 5 %"
171;"DBX553";"cartas_100M";-51,227444178;-3,384089671;"1511-VR-B-126";"Grande Carajás - Folha Altamira";"Concentrado de Bateia";"Análise semiquantitativa";"SGB-CPRM - Rigeo";"< 1 %";;"< 1 %";;;;;;;;"< 1 %";;;;"< 1 %";;"75 - 100 %";;"< 1 %";;"< 1 %";;;;;"< 1 %";"< 1 %";;;;;"< 1 %";"< 1 %";"1 - 5 %"
172;"DBX554";"cartas_100M";-51,230484098;-3,389403273;"1511-VR-B-128";"Grande Carajás - Folha Altamira";"Concentrado de Bateia";"Análise semiquantitativa";"SGB-CPRM - Rigeo";"< 1 %";;"< 1 %";"< 1 %";;;;;;;"< 1 %";;;;"< 1 %";;"75 - 100 %";;"< 1 %";;"< 1 %";;;;;;"< 1 %";;;;;"< 1 %";"< 1 %";"1 - 5 %"
173;"DBX555";"cartas_100M";-51,148544938;-3,66889432;"1511-VR-B-130";"Grande Carajás - Folha Altamira";"Concentrado de Bateia";"Análise semiquantitativa";"SGB-CPRM - Rigeo";;;"< 1 %";;;;;;;;"< 1 %";"< 1 %";"< 1 %";;"< 1 %";;"75 - 100 %";"< 1 %";"< 1 %";;"< 1 %";;"< 1 %";;;"< 1 %";"< 1 %";;;;;"< 1 %";;"5 - 25 %"
174;"DBX556";"cartas_100M";-51,154315203;-3,670856484;"1511-VR-B-132";"Grande Carajás - Folha Altamira";"Concentrado de Bateia";"Análise semiquantitativa";"SGB-CPRM - Rigeo";"< 1 %";;"< 1 %";;;;;;;;"< 1 %";;"< 1 %";;;;"75 - 100 %";"< 1 %";"< 1 %";;"< 1 %";;"< 1 %";;;"< 1 %";"< 1 %";;;;;"< 1 %";;"1 - 5 %"
175;"DBX557";"cartas_100M";-51,149835026;-3,676924022;"1511-VR-B-134";"Grande Carajás - Folha Altamira";"Concentrado de Bateia";"Análise semiquantitativa";"SGB-CPRM - Rigeo";"< 1 %";"< 1 %";"< 1 %";;;;;;;;"< 1 %";;;;"< 1 %";;"75 - 100 %";;"< 1 %";;"< 1 %";;"< 1 %";;;;"< 1 %";;;;;"< 1 %";;"< 1 %"
176;"DBX558";"cartas_100M";-51,137319462;-3,723096355;"1511-VR-B-136";"Grande Carajás - Folha Altamira";"Concentrado de Bateia";"Análise semiquantitativa";"SGB-CPRM - Rigeo";"< 1 %";"< 1 %";"< 1 %";;;"< 1 %";"< 1 %";;;;"< 1 %";"< 1 %";"< 1 %";;"< 1 %";;"75 - 100 %";"< 1 %";"< 1 %";;"< 1 %";"< 1 %";;;;;"< 1 %";;"< 1 %";;;"< 1 %";;"1 - 5 %"
177;"DBX559";"cartas_100M";-51,127020054;-3,718658244;"1511-VR-B-138";"Grande Carajás - Folha Altamira";"Concentrado de Bateia";"Análise semiquantitativa";"SGB-CPRM - Rigeo";"< 1 %";"< 1 %";"< 1 %";;;"< 1 %";;;;;"< 1 %";;"< 1 %";;"< 1 %";;"75 - 100 %";;"< 1 %";;"< 1 %";"< 1 %";;;;"< 1 %";"< 1 %";;"< 1 %";;;"< 1 %";"< 1 %";"< 1 %"
178;"DBX560";"cartas_100M";-51,143039367;-3,715023478;"1511-VR-B-140";"Grande Carajás - Folha Altamira";"Concentrado de Bateia";"Análise semiquantitativa";"SGB-CPRM - Rigeo";"< 1 %";"< 1 %";"< 1 %";;;"< 1 %";;;;;;;;;"< 1 %";;"75 - 100 %";;"< 1 %";;"< 1 %";"< 1 %";"< 1 %";;;;"< 1 %";;;;;"< 1 %";;"< 1 %"
179;"DAJ045";;-54,631320922;-3,832798279;"1521-DM-B-350";"Sulfetos de Altamira-Itaituba";"Concentrado de Bateia";"Análise qualitativa";"SGB-CPRM - Rigeo";"< 5 %";;;;;;;;;;;;;;;;"> 50 %";"< 5 %";"< 5 %";;"< 5 %";;"< 5 %";;;;"< 5 %";;;;;"< 5 %";;"< 5 %"
180;"DAJ096";;-53,143931332;-3,589967481;"1521-ES-B-342";"Sulfetos de Altamira-Itaituba";"Concentrado de Bateia";"Análise qualitativa";"SGB-CPRM - Rigeo";;;;;;;;;;;"< 5 %";"< 5 %";;;;;"> 50 %";"< 5 %";"< 5 %";;"< 5 %";;"< 5 %";;;;"< 5 %";;;;;"< 5 %";;"5 - 50 %"
181;"DAJ097";;-53,144886942;-3,599527797;"1521-ES-B-343";"Sulfetos de Altamira-Itaituba";"Concentrado de Bateia";"Análise qualitativa";"SGB-CPRM - Rigeo";"< 5 %";;;;;;;;;;;;;;;;"> 50 %";"< 5 %";"< 5 %";;"< 5 %";;"< 5 %";;;;"< 5 %";;;;;"< 5 %";;"5 - 50 %"
182;"DAJ098";;-53,093446066;-3,612687135;"1521-ES-B-347";"Sulfetos de Altamira-Itaituba";"Concentrado de Bateia";"Análise qualitativa";"SGB-CPRM - Rigeo";;;;;;;;;;;"> 50 %";;;;"< 5 %";;"< 5 %";"< 5 %";"5 - 50 %";"< 5 %";"< 5 %";;"< 5 %";;;;"< 5 %";;;;;"< 5 %";;"< 5 %"
183;"DAJ099";;-53,088046444;-3,62011661;"1521-ES-B-348";"Sulfetos de Altamira-Itaituba";"Concentrado de Bateia";"Análise qualitativa";"SGB-CPRM - Rigeo";;;"< 5 %";;;;;;;;"5 - 50 %";;;;"5 - 50 %";;"5 - 50 %";;"5 - 50 %";;"5 - 50 %";;"5 - 50 %";;;;;;;;;"< 5 %";;"< 5 %"
184;"DAJ100";;-53,053706381;-3,520055351;"1521-ES-B-356";"Sulfetos de Altamira-Itaituba";"Concentrado de Bateia";"Análise qualitativa";"SGB-CPRM - Rigeo";"< 5 %";;;;;;;;;;"< 5 %";;;;"< 5 %";;"> 50 %";"< 5 %";"5 - 50 %";;"< 5 %";;"< 5 %";;;;"< 5 %";;;;;"< 5 %";;"< 5 %"
185;"DAJ101";;-53,060107194;-3,463798145;"1521-ES-B-357";"Sulfetos de Altamira-Itaituba";"Concentrado de Bateia";"Análise qualitativa";"SGB-CPRM - Rigeo";;;;;;;;;;;;;;;;;"5 - 50 %";"< 5 %";"< 5 %";;"< 5 %";;"< 5 %";;;;"< 5 %";;;;;"< 5 %";;"5 - 50 %"
