"PROJETO_AMOSTRAGEM";"PROJETO_PUBLICACAO";"CENTRO_CUSTO";"CLASSE";"NUM_CAMPO";"NUM_LAB";"DATA_VISITA";"ABERTURA";"LEITURA";"JOB";"AG_PPM";"AS_PPM";"AU_PPM";"B_PPM";"BA_PPM";"BE_PPM";"BI_PPM";"CA_PCT";"CD_PPM";"CO_PPM";"CR_PPM";"CU_PPM";"F_PPM";"FE_PCT";"LA_PPM";"MG_PCT";"MN_PPM";"MO_PPM";"NB_PPM";"NI_PPM";"P.CNC_G";"P.QRT_G";"P.TOTAL_G";"PB_PPM";"SB_PPM";"SC_PPM";"SN_PPM";"SR_PPM";"TI_PCT";"U_PPM";"V_PPM";"W_PPM";"Y_PPM";"ZN_PPM";"ZR_PPM";"OBSERVACAO";"LONGITUDE";"LATITUDE";"PROJETO";"OS";"ACAO";"AREA";"CLASSE.1";"NUM_CAMPO.1";"LAT";"LONG";"PRECISAO";"CENTRO_CUS";"DTVISITA";"DESCAMOSTR";"MATCOLETAD";"ROCHMATRIZ";"INTEMROCHA";"ALTERROCHA";"TIPMINERAL";"GRAUARREDO";"VOLUME_L";"P_BATEIA_G";"GRANULMAX";"GRANULMIN";"COMPOS_PCT";"CORSED_SOL";"EH_MILIVOL";"PH";"METALPESAD";"OBS_CAMPO";"FONTEAMOST";"DESCROCHA";"IDADEROCH1";"IDADEROCH2";"PLUVIOSIDA";"VEGETACAO";"TOPOGRAFIA";"SITUACAO";"IGNEAROCHA";"ESTRUTURAL";"FORMADEPOS";"MODO_DEPOS";"LARG_RIO_M";"PROF_RIO_M";"VELOC_CORR";"NIVEL_DAGU";"AREADRENAG";"TURBIDEZ";"POSICAO";"COR_AGUA";"HORIZ_SOLO";"TIPO_SOLO";"AMBBIOTICO";"GEOMETRY"
"Sulfetos de Altamira-Itaituba";"Sulfetos de Altamira-Itaituba";"1521310";"Concentrado de Bateia";"1521-DM-B-039";"DAF540";"27607";"HBr, Br";"Absorção Atômica";NA;NA;NA;"0";NA;NA;NA;NA;NA;NA;NA;NA;NA;NA;NA;NA;NA;NA;NA;NA;NA;NA;NA;NA;NA;NA;NA;NA;NA;NA;NA;NA;NA;NA;NA;NA;NA;"-52,340478952";"-3,383136886";"Sulfetos de Altamira-Itaituba";"1890";"Geoquímica Regional";"Itaituba";"Concentrado de Bateia";"1521-DM-B-039";"-3,383137";"-52,340479";"5";"1521310";"1975-08-01";"Composto";"Aluviao";NA;NA;NA;NA;NA;"10";NA;NA;NA;NA;NA;NA;NA;NA;NA;"Rio";NA;"Pre-Cambriano";"Indeterminado";"Chuvas Esparsas";"Floresta Aberta";NA;"Leito Ativo Abaixo do Nível d'água";NA;NA;NA;NA;"2";"0,3";"Moderada";"Normal";"Ate 10 Km2";"Moderada";"Calha";"Clara";NA;NA;NA;"c(-52,340478952, -3,383136886)"
"Sulfetos de Altamira-Itaituba";"Sulfetos de Altamira-Itaituba";"1521310";"Concentrado de Bateia";"1521-DM-B-039";"DAF540";"27607";NA;NA;NA;NA;NA;NA;NA;NA;NA;NA;NA;NA;NA;NA;NA;NA;NA;NA;NA;NA;NA;NA;NA;"0,5";NA;"76";NA;NA;NA;NA;NA;NA;NA;NA;NA;NA;NA;NA;NA;"-52,340478952";"-3,383136886";"Sulfetos de Altamira-Itaituba";"1890";"Geoquímica Regional";"Itaituba";"Concentrado de Bateia";"1521-DM-B-039";"-3,383137";"-52,340479";"5";"1521310";"1975-08-01";"Composto";"Aluviao";NA;NA;NA;NA;NA;"10";NA;NA;NA;NA;NA;NA;NA;NA;NA;"Rio";NA;"Pre-Cambriano";"Indeterminado";"Chuvas Esparsas";"Floresta Aberta";NA;"Leito Ativo Abaixo do Nível d'água";NA;NA;NA;NA;"2";"0,3";"Moderada";"Normal";"Ate 10 Km2";"Moderada";"Calha";"Clara";NA;NA;NA;"c(-52,340478952, -3,383136886)"
"Sulfetos de Altamira-Itaituba";"Sulfetos de Altamira-Itaituba";"1521310";"Concentrado de Bateia";"1521-DM-B-043";"DAF541";"27607";"HBr, Br";"Absorção Atômica";NA;NA;NA;"0";NA;NA;NA;NA;NA;NA;NA;NA;NA;NA;NA;NA;NA;NA;NA;NA;NA;NA;NA;NA;NA;NA;NA;NA;NA;NA;NA;NA;NA;NA;NA;NA;NA;"-52,327368422";"-3,371152403";"Sulfetos de Altamira-Itaituba";"1890";"Geoquímica Regional";"Itaituba";"Concentrado de Bateia";"1521-DM-B-043";"-3,371152";"-52,327368";"5";"1521310";"1975-08-01";"Composto";"Aluviao";NA;NA;NA;NA;NA;"10";NA;NA;NA;NA;NA;NA;NA;NA;NA;"Rio";NA;"Pre-Cambriano";"Indeterminado";"Chuvas Esparsas";"Floresta Aberta";NA;"Leito Ativo Abaixo do Nível d'água";NA;NA;NA;NA;"2";"0,3";"Moderada";"Normal";"Ate 10 Km2";"Moderada";"Calha";"Clara";NA;NA;NA;"c(-52,327368422, -3,371152403)"
"Sulfetos de Altamira-Itaituba";"Sulfetos de Altamira-Itaituba";"1521310";"Concentrado de Bateia";"1521-DM-B-043";"DAF541";"27607";NA;NA;NA;NA;NA;NA;NA;NA;NA;NA;NA;NA;NA;NA;NA;NA;NA;NA;NA;NA;NA;NA;NA;"0,5";NA;"56,3";NA;NA;NA;NA;NA;NA;NA;NA;NA;NA;NA;NA;NA;"-52,327368422";"-3,371152403";"Sulfetos de Altamira-Itaituba";"1890";"Geoquímica Regional";"Itaituba";"Concentrado de Bateia";"1521-DM-B-043";"-3,371152";"-52,327368";"5";"1521310";"1975-08-01";"Composto";"Aluviao";NA;NA;NA;NA;NA;"10";NA;NA;NA;NA;NA;NA;NA;NA;NA;"Rio";NA;"Pre-Cambriano";"Indeterminado";"Chuvas Esparsas";"Floresta Aberta";NA;"Leito Ativo Abaixo do Nível d'água";NA;NA;NA;NA;"2";"0,3";"Moderada";"Normal";"Ate 10 Km2";"Moderada";"Calha";"Clara";NA;NA;NA;"c(-52,327368422, -3,371152403)"
"Sulfetos de Altamira-Itaituba";"Sulfetos de Altamira-Itaituba";"1521310";"Concentrado de Bateia";"1521-DM-B-101";"DAG266";"27668";"Água Régia Invertida";"Absorção Atômica";NA;NA;NA;NA;NA;NA;NA;NA;NA;NA;NA;NA;NA;NA;NA;NA;NA;NA;"ND";NA;NA;NA;NA;NA;NA;NA;NA;NA;NA;NA;NA;NA;NA;NA;NA;NA;NA;"-52,581486331";"-3,471629829";"Sulfetos de Altamira-Itaituba";"1890";"Geoquímica Regional";"Itaituba";"Concentrado de Bateia";"1521-DM-B-101";"-3,47163";"-52,581486";"5";"1521310";"1975-10-01";"Composto";"Coluviao";NA;NA;NA;NA;NA;"10";NA;NA;NA;NA;NA;NA;"5";NA;NA;"Trincheira";"Gnaisse";"Pre-Cambriano";"Indeterminado";"Periodo Seco";NA;NA;NA;NA;NA;NA;NA;NA;NA;NA;NA;NA;NA;NA;NA;NA;NA;NA;"c(-52,581486331, -3,471629829)"
"Sulfetos de Altamira-Itaituba";"Sulfetos de Altamira-Itaituba";"1521310";"Concentrado de Bateia";"1521-DM-B-101";"DAG266";"27668";"EDTA a Frio";"Absorção Atômica";NA;NA;NA;NA;NA;NA;NA;NA;NA;NA;NA;NA;"1";NA;NA;NA;NA;NA;NA;NA;NA;NA;NA;NA;NA;NA;NA;NA;NA;NA;NA;NA;NA;NA;NA;NA;NA;"-52,581486331";"-3,471629829";"Sulfetos de Altamira-Itaituba";"1890";"Geoquímica Regional";"Itaituba";"Concentrado de Bateia";"1521-DM-B-101";"-3,47163";"-52,581486";"5";"1521310";"1975-10-01";"Composto";"Coluviao";NA;NA;NA;NA;NA;"10";NA;NA;NA;NA;NA;NA;"5";NA;NA;"Trincheira";"Gnaisse";"Pre-Cambriano";"Indeterminado";"Periodo Seco";NA;NA;NA;NA;NA;NA;NA;NA;NA;NA;NA;NA;NA;NA;NA;NA;NA;NA;"c(-52,581486331, -3,471629829)"
"Sulfetos de Altamira-Itaituba";"Sulfetos de Altamira-Itaituba";"1521310";"Concentrado de Bateia";"1521-DM-B-101";"DAG266";"27668";"HBr, Br";"Absorção Atômica";NA;NA;NA;"< 0,05";NA;NA;NA;NA;NA;NA;NA;NA;NA;NA;NA;NA;NA;NA;NA;NA;NA;NA;NA;NA;NA;NA;NA;NA;NA;NA;NA;NA;NA;NA;NA;NA;"Amostra insuficiente para completar análise de Au_ppm";"-52,581486331";"-3,471629829";"Sulfetos de Altamira-Itaituba";"1890";"Geoquímica Regional";"Itaituba";"Concentrado de Bateia";"1521-DM-B-101";"-3,47163";"-52,581486";"5";"1521310";"1975-10-01";"Composto";"Coluviao";NA;NA;NA;NA;NA;"10";NA;NA;NA;NA;NA;NA;"5";NA;NA;"Trincheira";"Gnaisse";"Pre-Cambriano";"Indeterminado";"Periodo Seco";NA;NA;NA;NA;NA;NA;NA;NA;NA;NA;NA;NA;NA;NA;NA;NA;NA;NA;"c(-52,581486331, -3,471629829)"
"Sulfetos de Altamira-Itaituba";"Sulfetos de Altamira-Itaituba";"1521310";"Concentrado de Bateia";"1521-DM-B-101";"DAG266";"27668";"HNO3 a Quente";"Absorção Atômica";NA;"ND";NA;NA;NA;NA;NA;NA;NA;"ND";NA;NA;"< 5";NA;NA;NA;NA;NA;NA;NA;NA;NA;NA;NA;"< 5";NA;NA;NA;NA;NA;NA;NA;NA;NA;"< 5";NA;NA;"-52,581486331";"-3,471629829";"Sulfetos de Altamira-Itaituba";"1890";"Geoquímica Regional";"Itaituba";"Concentrado de Bateia";"1521-DM-B-101";"-3,47163";"-52,581486";"5";"1521310";"1975-10-01";"Composto";"Coluviao";NA;NA;NA;NA;NA;"10";NA;NA;NA;NA;NA;NA;"5";NA;NA;"Trincheira";"Gnaisse";"Pre-Cambriano";"Indeterminado";"Periodo Seco";NA;NA;NA;NA;NA;NA;NA;NA;NA;NA;NA;NA;NA;NA;NA;NA;NA;NA;"c(-52,581486331, -3,471629829)"
"Sulfetos de Altamira-Itaituba";"Sulfetos de Altamira-Itaituba";"1521310";"Concentrado de Bateia";"1521-DM-B-101";"DAG266";"27668";"Semiquantitativa";"Cromatografia";NA;NA;NA;NA;NA;NA;NA;NA;NA;NA;NA;NA;NA;NA;NA;NA;NA;NA;NA;NA;NA;NA;NA;NA;NA;NA;NA;NA;NA;NA;"< 20";NA;NA;NA;NA;NA;NA;"-52,581486331";"-3,471629829";"Sulfetos de Altamira-Itaituba";"1890";"Geoquímica Regional";"Itaituba";"Concentrado de Bateia";"1521-DM-B-101";"-3,47163";"-52,581486";"5";"1521310";"1975-10-01";"Composto";"Coluviao";NA;NA;NA;NA;NA;"10";NA;NA;NA;NA;NA;NA;"5";NA;NA;"Trincheira";"Gnaisse";"Pre-Cambriano";"Indeterminado";"Periodo Seco";NA;NA;NA;NA;NA;NA;NA;NA;NA;NA;NA;NA;NA;NA;NA;NA;NA;NA;"c(-52,581486331, -3,471629829)"
"Sulfetos de Altamira-Itaituba";"Sulfetos de Altamira-Itaituba";"1521310";"Concentrado de Bateia";"1521-DM-B-101";"DAG266";"27668";"Semiquantitativa";"Medidor de Íon Específico";NA;NA;NA;NA;NA;NA;NA;NA;NA;NA;NA;NA;NA;"< 50";NA;NA;NA;NA;NA;NA;NA;NA;NA;NA;NA;NA;NA;NA;NA;NA;NA;NA;NA;NA;NA;NA;NA;"-52,581486331";"-3,471629829";"Sulfetos de Altamira-Itaituba";"1890";"Geoquímica Regional";"Itaituba";"Concentrado de Bateia";"1521-DM-B-101";"-3,47163";"-52,581486";"5";"1521310";"1975-10-01";"Composto";"Coluviao";NA;NA;NA;NA;NA;"10";NA;NA;NA;NA;NA;NA;"5";NA;NA;"Trincheira";"Gnaisse";"Pre-Cambriano";"Indeterminado";"Periodo Seco";NA;NA;NA;NA;NA;NA;NA;NA;NA;NA;NA;NA;NA;NA;NA;NA;NA;NA;"c(-52,581486331, -3,471629829)"
"Sulfetos de Altamira-Itaituba";"Sulfetos de Altamira-Itaituba";"1521310";"Concentrado de Bateia";"1521-DM-B-101";"DAG266";"27668";NA;"Colorimetria";NA;NA;"< 10";NA;NA;NA;NA;NA;NA;NA;NA;NA;NA;NA;NA;NA;NA;NA;NA;NA;NA;NA;NA;NA;NA;"ND";NA;NA;NA;NA;NA;NA;NA;NA;NA;NA;NA;"-52,581486331";"-3,471629829";"Sulfetos de Altamira-Itaituba";"1890";"Geoquímica Regional";"Itaituba";"Concentrado de Bateia";"1521-DM-B-101";"-3,47163";"-52,581486";"5";"1521310";"1975-10-01";"Composto";"Coluviao";NA;NA;NA;NA;NA;"10";NA;NA;NA;NA;NA;NA;"5";NA;NA;"Trincheira";"Gnaisse";"Pre-Cambriano";"Indeterminado";"Periodo Seco";NA;NA;NA;NA;NA;NA;NA;NA;NA;NA;NA;NA;NA;NA;NA;NA;NA;NA;"c(-52,581486331, -3,471629829)"
"Sulfetos de Altamira-Itaituba";"Sulfetos de Altamira-Itaituba";"1521310";"Concentrado de Bateia";"1521-DM-B-101";"DAG266";"27668";NA;"Espectrografia Ótica de Emissão";NA;"ND";"ND";"ND";"15";"700";"< 1";"ND";"< 0,05";"ND";"< 5";"ND";"< 5";NA;"0,15";"50";"< 0,02";"300";"ND";"15";"ND";NA;NA;NA;"< 10";"ND";"ND";"ND";"ND";"0,3";NA;"10";"ND";"20";"ND";"> 1000";NA;"-52,581486331";"-3,471629829";"Sulfetos de Altamira-Itaituba";"1890";"Geoquímica Regional";"Itaituba";"Concentrado de Bateia";"1521-DM-B-101";"-3,47163";"-52,581486";"5";"1521310";"1975-10-01";"Composto";"Coluviao";NA;NA;NA;NA;NA;"10";NA;NA;NA;NA;NA;NA;"5";NA;NA;"Trincheira";"Gnaisse";"Pre-Cambriano";"Indeterminado";"Periodo Seco";NA;NA;NA;NA;NA;NA;NA;NA;NA;NA;NA;NA;NA;NA;NA;NA;NA;NA;"c(-52,581486331, -3,471629829)"
"Sulfetos de Altamira-Itaituba";"Sulfetos de Altamira-Itaituba";"1521310";"Concentrado de Bateia";"1521-DM-B-101";"DAG266A";"27668";"Água Régia Invertida";"Absorção Atômica";NA;NA;NA;NA;NA;NA;NA;NA;NA;NA;NA;NA;NA;NA;NA;NA;NA;NA;"ND";NA;NA;NA;NA;NA;NA;NA;NA;NA;NA;NA;NA;NA;NA;NA;NA;NA;NA;"-52,581486331";"-3,471629829";"Sulfetos de Altamira-Itaituba";"1890";"Geoquímica Regional";"Itaituba";"Concentrado de Bateia";"1521-DM-B-101";"-3,47163";"-52,581486";"5";"1521310";"1975-10-01";"Composto";"Coluviao";NA;NA;NA;NA;NA;"10";NA;NA;NA;NA;NA;NA;NA;NA;NA;"Trincheira";"Gnaisse";"Pre-Cambriano";"Indeterminado";"Periodo Seco";NA;NA;NA;NA;NA;NA;NA;NA;NA;NA;NA;NA;NA;NA;NA;NA;NA;NA;"c(-52,581486331, -3,471629829)"
"Sulfetos de Altamira-Itaituba";"Sulfetos de Altamira-Itaituba";"1521310";"Concentrado de Bateia";"1521-DM-B-101";"DAG266A";"27668";"EDTA a Frio";"Absorção Atômica";NA;NA;NA;NA;NA;NA;NA;NA;NA;NA;NA;NA;"1";NA;NA;NA;NA;NA;NA;NA;NA;NA;NA;NA;NA;NA;NA;NA;NA;NA;NA;NA;NA;NA;NA;NA;NA;"-52,581486331";"-3,471629829";"Sulfetos de Altamira-Itaituba";"1890";"Geoquímica Regional";"Itaituba";"Concentrado de Bateia";"1521-DM-B-101";"-3,47163";"-52,581486";"5";"1521310";"1975-10-01";"Composto";"Coluviao";NA;NA;NA;NA;NA;"10";NA;NA;NA;NA;NA;NA;NA;NA;NA;"Trincheira";"Gnaisse";"Pre-Cambriano";"Indeterminado";"Periodo Seco";NA;NA;NA;NA;NA;NA;NA;NA;NA;NA;NA;NA;NA;NA;NA;NA;NA;NA;"c(-52,581486331, -3,471629829)"
"Sulfetos de Altamira-Itaituba";"Sulfetos de Altamira-Itaituba";"1521310";"Concentrado de Bateia";"1521-DM-B-101";"DAG266A";"27668";"HNO3 a Quente";"Absorção Atômica";NA;"ND";NA;NA;NA;NA;NA;NA;NA;"ND";NA;NA;"< 5";NA;NA;NA;NA;NA;NA;NA;NA;NA;NA;NA;"< 5";NA;NA;NA;NA;NA;NA;NA;NA;NA;"< 5";NA;NA;"-52,581486331";"-3,471629829";"Sulfetos de Altamira-Itaituba";"1890";"Geoquímica Regional";"Itaituba";"Concentrado de Bateia";"1521-DM-B-101";"-3,47163";"-52,581486";"5";"1521310";"1975-10-01";"Composto";"Coluviao";NA;NA;NA;NA;NA;"10";NA;NA;NA;NA;NA;NA;NA;NA;NA;"Trincheira";"Gnaisse";"Pre-Cambriano";"Indeterminado";"Periodo Seco";NA;NA;NA;NA;NA;NA;NA;NA;NA;NA;NA;NA;NA;NA;NA;NA;NA;NA;"c(-52,581486331, -3,471629829)"
"Sulfetos de Altamira-Itaituba";"Sulfetos de Altamira-Itaituba";"1521310";"Concentrado de Bateia";"1521-DM-B-101";"DAG266A";"27668";"Semiquantitativa";"Cromatografia";NA;NA;NA;NA;NA;NA;NA;NA;NA;NA;NA;NA;NA;NA;NA;NA;NA;NA;NA;NA;NA;NA;NA;NA;NA;NA;NA;NA;NA;NA;"0";NA;NA;NA;NA;NA;"Amostra insuficiente para completar análise de U_ppm";"-52,581486331";"-3,471629829";"Sulfetos de Altamira-Itaituba";"1890";"Geoquímica Regional";"Itaituba";"Concentrado de Bateia";"1521-DM-B-101";"-3,47163";"-52,581486";"5";"1521310";"1975-10-01";"Composto";"Coluviao";NA;NA;NA;NA;NA;"10";NA;NA;NA;NA;NA;NA;NA;NA;NA;"Trincheira";"Gnaisse";"Pre-Cambriano";"Indeterminado";"Periodo Seco";NA;NA;NA;NA;NA;NA;NA;NA;NA;NA;NA;NA;NA;NA;NA;NA;NA;NA;"c(-52,581486331, -3,471629829)"
"Sulfetos de Altamira-Itaituba";"Sulfetos de Altamira-Itaituba";"1521310";"Concentrado de Bateia";"1521-DM-B-101";"DAG266A";"27668";"Semiquantitativa";"Medidor de Íon Específico";NA;NA;NA;NA;NA;NA;NA;NA;NA;NA;NA;NA;NA;"< 50";NA;NA;NA;NA;NA;NA;NA;NA;NA;NA;NA;NA;NA;NA;NA;NA;NA;NA;NA;NA;NA;NA;NA;"-52,581486331";"-3,471629829";"Sulfetos de Altamira-Itaituba";"1890";"Geoquímica Regional";"Itaituba";"Concentrado de Bateia";"1521-DM-B-101";"-3,47163";"-52,581486";"5";"1521310";"1975-10-01";"Composto";"Coluviao";NA;NA;NA;NA;NA;"10";NA;NA;NA;NA;NA;NA;NA;NA;NA;"Trincheira";"Gnaisse";"Pre-Cambriano";"Indeterminado";"Periodo Seco";NA;NA;NA;NA;NA;NA;NA;NA;NA;NA;NA;NA;NA;NA;NA;NA;NA;NA;"c(-52,581486331, -3,471629829)"
"Sulfetos de Altamira-Itaituba";"Sulfetos de Altamira-Itaituba";"1521310";"Concentrado de Bateia";"1521-DM-B-101";"DAG266A";"27668";NA;"Colorimetria";NA;NA;"< 10";NA;NA;NA;NA;NA;NA;NA;NA;NA;NA;NA;NA;NA;NA;NA;NA;NA;NA;NA;NA;NA;NA;"ND";NA;NA;NA;NA;NA;NA;NA;NA;NA;NA;NA;"-52,581486331";"-3,471629829";"Sulfetos de Altamira-Itaituba";"1890";"Geoquímica Regional";"Itaituba";"Concentrado de Bateia";"1521-DM-B-101";"-3,47163";"-52,581486";"5";"1521310";"1975-10-01";"Composto";"Coluviao";NA;NA;NA;NA;NA;"10";NA;NA;NA;NA;NA;NA;NA;NA;NA;"Trincheira";"Gnaisse";"Pre-Cambriano";"Indeterminado";"Periodo Seco";NA;NA;NA;NA;NA;NA;NA;NA;NA;NA;NA;NA;NA;NA;NA;NA;NA;NA;"c(-52,581486331, -3,471629829)"
"Sulfetos de Altamira-Itaituba";"Sulfetos de Altamira-Itaituba";"1521310";"Concentrado de Bateia";"1521-DM-B-127";"DAG078";"27699";NA;NA;NA;NA;NA;NA;NA;NA;NA;NA;NA;NA;NA;NA;NA;NA;NA;NA;NA;NA;NA;NA;NA;"5";"101,2";"101,2";NA;NA;NA;NA;NA;NA;NA;NA;NA;NA;NA;NA;NA;"-52,693046137";"-3,529501734";"Sulfetos de Altamira-Itaituba";"1890";"Geoquímica Regional";"Itaituba";"Concentrado de Bateia";"1521-DM-B-127";"-3,529502";"-52,693046";"5";"1521310";"1975-11-01";"Composto";"Aluviao";NA;NA;NA;NA;NA;"10";NA;NA;NA;NA;NA;NA;NA;NA;NA;"Rio";"Gnaisse";NA;NA;"Periodo Seco";"Floresta Aberta";NA;"Leito Ativo Abaixo do Nível d'água";NA;NA;NA;NA;"4";"0,2";NA;"Baixa";"Ate 10 Km2";NA;"Calha";"Clara";NA;NA;NA;"c(-52,693046137, -3,529501734)"
"Sulfetos de Altamira-Itaituba";"Sulfetos de Altamira-Itaituba";"1521310";"Concentrado de Bateia";"1521-DM-B-129";"DAG079";"27699";NA;NA;NA;NA;NA;NA;NA;NA;NA;NA;NA;NA;NA;NA;NA;NA;NA;NA;NA;NA;NA;NA;NA;"1,6";"59,5";"59,5";NA;NA;NA;NA;NA;NA;NA;NA;NA;NA;NA;NA;NA;"-52,689508161";"-3,545194046";"Sulfetos de Altamira-Itaituba";"1890";"Geoquímica Regional";"Itaituba";"Concentrado de Bateia";"1521-DM-B-129";"-3,545194";"-52,689508";"5";"1521310";"1975-11-01";"Composto";"Aluviao";NA;NA;NA;NA;NA;"10";NA;NA;NA;NA;NA;NA;NA;NA;NA;"Rio";"Gnaisse";NA;NA;"Periodo Seco";"Floresta Aberta";NA;"Leito Ativo Abaixo do Nível d'água";NA;NA;NA;NA;"5";"0,2";NA;"Baixa";"Ate 10 Km2";NA;"Calha";"Clara";NA;NA;NA;"c(-52,689508161, -3,545194046)"
"Sulfetos de Altamira-Itaituba";"Sulfetos de Altamira-Itaituba";"1521310";"Concentrado de Bateia";"1521-DM-B-175";"DAG831";"27760";NA;NA;NA;NA;NA;NA;NA;NA;NA;NA;NA;NA;NA;NA;NA;NA;NA;NA;NA;NA;NA;NA;NA;"3,9";"6,9";"18,600000000000001";NA;NA;NA;NA;NA;NA;NA;NA;NA;NA;NA;NA;NA;"-51,89042671";"-3,484090062";"Sulfetos de Altamira-Itaituba";"1890";"Geoquímica Regional";"Itaituba";"Concentrado de Bateia";"1521-DM-B-175";"-3,48409";"-51,890427";"5";"1521310";"1976-01-01";"Composto";"Aluviao";NA;NA;NA;NA;NA;"10";NA;NA;NA;NA;NA;NA;"5";NA;NA;"Rio";NA;NA;NA;"Chuvas Diarias";"Floresta Aberta";NA;"Leito Ativo Abaixo do Nível d'água";NA;NA;NA;NA;"2";"0,4";NA;"Normal";"Ate 10 Km2";NA;"Calha";"Clara";NA;NA;NA;"c(-51,89042671, -3,484090062)"
"Sulfetos de Altamira-Itaituba";"Sulfetos de Altamira-Itaituba";"1521310";"Concentrado de Bateia";"1521-DM-B-179";"DAG832";"27760";NA;NA;NA;NA;NA;NA;NA;NA;NA;NA;NA;NA;NA;NA;NA;NA;NA;NA;NA;NA;NA;NA;NA;"3,8";"7,3";"21";NA;NA;NA;NA;NA;NA;NA;NA;NA;NA;NA;NA;NA;"-51,892921457";"-3,435993224";"Sulfetos de Altamira-Itaituba";"1890";"Geoquímica Regional";"Itaituba";"Concentrado de Bateia";"1521-DM-B-179";"-3,435993";"-51,892921";"5";"1521310";"1976-01-01";"Composto";"Aluviao";NA;NA;NA;NA;NA;"10";NA;NA;NA;NA;NA;NA;"5";NA;NA;"Rio";NA;NA;NA;"Chuvas Diarias";"Floresta Aberta";NA;"Leito Ativo Abaixo do Nível d'água";NA;NA;NA;NA;"2";"0,4";NA;"Normal";"Ate 10 Km2";NA;"Calha";"Clara";NA;NA;NA;"c(-51,892921457, -3,435993224)"
"Sulfetos de Altamira-Itaituba";"Sulfetos de Altamira-Itaituba";"1521310";"Concentrado de Bateia";"1521-DM-B-184";"DAG833";"27760";NA;NA;NA;NA;NA;NA;NA;NA;NA;NA;NA;NA;NA;NA;NA;NA;NA;NA;NA;NA;NA;NA;NA;"2,4";"6";"33,5";NA;NA;NA;NA;NA;NA;NA;NA;NA;NA;NA;NA;NA;"-51,887329642";"-3,406746858";"Sulfetos de Altamira-Itaituba";"1890";"Geoquímica Regional";"Itaituba";"Concentrado de Bateia";"1521-DM-B-184";"-3,406747";"-51,88733";"5";"1521310";"1976-01-01";"Composto";"Aluviao";NA;NA;NA;NA;NA;"10";NA;NA;NA;NA;NA;NA;"5";NA;NA;"Rio";NA;NA;NA;"Chuvas Diarias";"Floresta Aberta";NA;"Leito Ativo Abaixo do Nível d'água";NA;NA;NA;NA;"4";"0,4";NA;"Normal";"10-50 Km2";NA;"Calha";"Clara";NA;NA;NA;"c(-51,887329642, -3,406746858)"
"Sulfetos de Altamira-Itaituba";"Sulfetos de Altamira-Itaituba";"1521310";"Concentrado de Bateia";"1521-DM-B-186";"DAG860";"27760";"Água Régia Invertida";"Absorção Atômica";NA;NA;NA;NA;NA;NA;NA;NA;NA;NA;NA;NA;NA;NA;NA;NA;NA;NA;"ND";NA;NA;NA;NA;NA;NA;NA;NA;NA;NA;NA;NA;NA;NA;NA;NA;NA;NA;"-51,915647767";"-3,370839215";"Sulfetos de Altamira-Itaituba";"1890";"Geoquímica Regional";"Itaituba";"Concentrado de Bateia";"1521-DM-B-186";"-3,370839";"-51,915648";"5";"1521310";"1976-01-01";"Composto";"Aluviao";NA;NA;NA;NA;NA;"10";NA;NA;NA;NA;NA;NA;"5";NA;NA;"Rio";NA;NA;NA;"Chuvas Diarias";"Floresta Aberta";NA;"Leito Ativo Abaixo do Nível d'água";NA;NA;NA;NA;"4";"0,5";NA;"Normal";"10-50 Km2";NA;"Calha";"Clara";NA;NA;NA;"c(-51,915647767, -3,370839215)"
"Sulfetos de Altamira-Itaituba";"Sulfetos de Altamira-Itaituba";"1521310";"Concentrado de Bateia";"1521-DM-B-186";"DAG860";"27760";"EDTA a Frio";"Absorção Atômica";NA;NA;NA;NA;NA;NA;NA;NA;NA;NA;NA;NA;"1";NA;NA;NA;NA;NA;NA;NA;NA;NA;NA;NA;NA;NA;NA;NA;NA;NA;NA;NA;NA;NA;NA;NA;NA;"-51,915647767";"-3,370839215";"Sulfetos de Altamira-Itaituba";"1890";"Geoquímica Regional";"Itaituba";"Concentrado de Bateia";"1521-DM-B-186";"-3,370839";"-51,915648";"5";"1521310";"1976-01-01";"Composto";"Aluviao";NA;NA;NA;NA;NA;"10";NA;NA;NA;NA;NA;NA;"5";NA;NA;"Rio";NA;NA;NA;"Chuvas Diarias";"Floresta Aberta";NA;"Leito Ativo Abaixo do Nível d'água";NA;NA;NA;NA;"4";"0,5";NA;"Normal";"10-50 Km2";NA;"Calha";"Clara";NA;NA;NA;"c(-51,915647767, -3,370839215)"
"Sulfetos de Altamira-Itaituba";"Sulfetos de Altamira-Itaituba";"1521310";"Concentrado de Bateia";"1521-DM-B-186";"DAG860";"27760";"HBr, Br";"Absorção Atômica";NA;NA;NA;"ND";NA;NA;NA;NA;NA;NA;NA;NA;NA;NA;NA;NA;NA;NA;NA;NA;NA;NA;NA;NA;NA;NA;NA;NA;NA;NA;NA;NA;NA;NA;NA;NA;NA;"-51,915647767";"-3,370839215";"Sulfetos de Altamira-Itaituba";"1890";"Geoquímica Regional";"Itaituba";"Concentrado de Bateia";"1521-DM-B-186";"-3,370839";"-51,915648";"5";"1521310";"1976-01-01";"Composto";"Aluviao";NA;NA;NA;NA;NA;"10";NA;NA;NA;NA;NA;NA;"5";NA;NA;"Rio";NA;NA;NA;"Chuvas Diarias";"Floresta Aberta";NA;"Leito Ativo Abaixo do Nível d'água";NA;NA;NA;NA;"4";"0,5";NA;"Normal";"10-50 Km2";NA;"Calha";"Clara";NA;NA;NA;"c(-51,915647767, -3,370839215)"
"Sulfetos de Altamira-Itaituba";"Sulfetos de Altamira-Itaituba";"1521310";"Concentrado de Bateia";"1521-DM-B-186";"DAG860";"27760";"HNO3 a Quente";"Absorção Atômica";NA;"ND";NA;NA;NA;NA;NA;NA;NA;"ND";NA;NA;"< 5";NA;NA;NA;NA;NA;NA;NA;NA;NA;NA;NA;"45";NA;NA;NA;NA;NA;NA;NA;NA;NA;"5";NA;NA;"-51,915647767";"-3,370839215";"Sulfetos de Altamira-Itaituba";"1890";"Geoquímica Regional";"Itaituba";"Concentrado de Bateia";"1521-DM-B-186";"-3,370839";"-51,915648";"5";"1521310";"1976-01-01";"Composto";"Aluviao";NA;NA;NA;NA;NA;"10";NA;NA;NA;NA;NA;NA;"5";NA;NA;"Rio";NA;NA;NA;"Chuvas Diarias";"Floresta Aberta";NA;"Leito Ativo Abaixo do Nível d'água";NA;NA;NA;NA;"4";"0,5";NA;"Normal";"10-50 Km2";NA;"Calha";"Clara";NA;NA;NA;"c(-51,915647767, -3,370839215)"
"Sulfetos de Altamira-Itaituba";"Sulfetos de Altamira-Itaituba";"1521310";"Concentrado de Bateia";"1521-DM-B-186";"DAG860";"27760";"Semiquantitativa";"Cromatografia";NA;NA;NA;NA;NA;NA;NA;NA;NA;NA;NA;NA;NA;NA;NA;NA;NA;NA;NA;NA;NA;NA;NA;NA;NA;NA;NA;NA;NA;NA;"< 20";NA;NA;NA;NA;NA;NA;"-51,915647767";"-3,370839215";"Sulfetos de Altamira-Itaituba";"1890";"Geoquímica Regional";"Itaituba";"Concentrado de Bateia";"1521-DM-B-186";"-3,370839";"-51,915648";"5";"1521310";"1976-01-01";"Composto";"Aluviao";NA;NA;NA;NA;NA;"10";NA;NA;NA;NA;NA;NA;"5";NA;NA;"Rio";NA;NA;NA;"Chuvas Diarias";"Floresta Aberta";NA;"Leito Ativo Abaixo do Nível d'água";NA;NA;NA;NA;"4";"0,5";NA;"Normal";"10-50 Km2";NA;"Calha";"Clara";NA;NA;NA;"c(-51,915647767, -3,370839215)"
"Sulfetos de Altamira-Itaituba";"Sulfetos de Altamira-Itaituba";"1521310";"Concentrado de Bateia";"1521-DM-B-186";"DAG860";"27760";"Semiquantitativa";"Medidor de Íon Específico";NA;NA;NA;NA;NA;NA;NA;NA;NA;NA;NA;NA;NA;"120";NA;NA;NA;NA;NA;NA;NA;NA;NA;NA;NA;NA;NA;NA;NA;NA;NA;NA;NA;NA;NA;NA;NA;"-51,915647767";"-3,370839215";"Sulfetos de Altamira-Itaituba";"1890";"Geoquímica Regional";"Itaituba";"Concentrado de Bateia";"1521-DM-B-186";"-3,370839";"-51,915648";"5";"1521310";"1976-01-01";"Composto";"Aluviao";NA;NA;NA;NA;NA;"10";NA;NA;NA;NA;NA;NA;"5";NA;NA;"Rio";NA;NA;NA;"Chuvas Diarias";"Floresta Aberta";NA;"Leito Ativo Abaixo do Nível d'água";NA;NA;NA;NA;"4";"0,5";NA;"Normal";"10-50 Km2";NA;"Calha";"Clara";NA;NA;NA;"c(-51,915647767, -3,370839215)"
"Sulfetos de Altamira-Itaituba";"Sulfetos de Altamira-Itaituba";"1521310";"Concentrado de Bateia";"1521-DM-B-186";"DAG860";"27760";NA;"Colorimetria";NA;NA;"< 10";NA;NA;NA;NA;NA;NA;NA;NA;NA;NA;NA;NA;NA;NA;NA;NA;NA;NA;NA;NA;NA;NA;"ND";NA;NA;NA;NA;NA;NA;NA;NA;NA;NA;NA;"-51,915647767";"-3,370839215";"Sulfetos de Altamira-Itaituba";"1890";"Geoquímica Regional";"Itaituba";"Concentrado de Bateia";"1521-DM-B-186";"-3,370839";"-51,915648";"5";"1521310";"1976-01-01";"Composto";"Aluviao";NA;NA;NA;NA;NA;"10";NA;NA;NA;NA;NA;NA;"5";NA;NA;"Rio";NA;NA;NA;"Chuvas Diarias";"Floresta Aberta";NA;"Leito Ativo Abaixo do Nível d'água";NA;NA;NA;NA;"4";"0,5";NA;"Normal";"10-50 Km2";NA;"Calha";"Clara";NA;NA;NA;"c(-51,915647767, -3,370839215)"
"Sulfetos de Altamira-Itaituba";"Sulfetos de Altamira-Itaituba";"1521310";"Concentrado de Bateia";"1521-DM-B-186";"DAG860";"27760";NA;"Espectrografia Ótica de Emissão";NA;"ND";"ND";"ND";"10";"200";"< 1";"ND";"0,05";"ND";"7";"70";"5";NA;"5";"70";"< 0,02";"> 5000";"ND";"< 10";"ND";NA;NA;NA;"70";"ND";"> 100";"30";"ND";"> 1";NA;"100";"ND";"700";"ND";"> 1000";NA;"-51,915647767";"-3,370839215";"Sulfetos de Altamira-Itaituba";"1890";"Geoquímica Regional";"Itaituba";"Concentrado de Bateia";"1521-DM-B-186";"-3,370839";"-51,915648";"5";"1521310";"1976-01-01";"Composto";"Aluviao";NA;NA;NA;NA;NA;"10";NA;NA;NA;NA;NA;NA;"5";NA;NA;"Rio";NA;NA;NA;"Chuvas Diarias";"Floresta Aberta";NA;"Leito Ativo Abaixo do Nível d'água";NA;NA;NA;NA;"4";"0,5";NA;"Normal";"10-50 Km2";NA;"Calha";"Clara";NA;NA;NA;"c(-51,915647767, -3,370839215)"
"Sulfetos de Altamira-Itaituba";"Sulfetos de Altamira-Itaituba";"1521310";"Concentrado de Bateia";"1521-DM-B-186";"DAG860A";"27760";"Água Régia Invertida";"Absorção Atômica";NA;NA;NA;NA;NA;NA;NA;NA;NA;NA;NA;NA;NA;NA;NA;NA;NA;NA;"ND";NA;NA;NA;NA;NA;NA;NA;NA;NA;NA;NA;NA;NA;NA;NA;NA;NA;NA;"-51,915647767";"-3,370839215";"Sulfetos de Altamira-Itaituba";"1890";"Geoquímica Regional";"Itaituba";"Concentrado de Bateia";"1521-DM-B-186";"-3,370839";"-51,915648";"5";"1521310";"1976-01-01";"Composto";"Aluviao";NA;NA;NA;NA;NA;"10";NA;NA;NA;NA;NA;NA;"5";NA;NA;"Rio";NA;NA;NA;"Chuvas Diarias";"Floresta Aberta";NA;"Leito Ativo Abaixo do Nível d'água";NA;NA;NA;NA;"4";"0,5";NA;"Normal";"10-50 Km2";NA;"Calha";"Clara";NA;NA;NA;"c(-51,915647767, -3,370839215)"
"Sulfetos de Altamira-Itaituba";"Sulfetos de Altamira-Itaituba";"1521310";"Concentrado de Bateia";"1521-DM-B-186";"DAG860A";"27760";"EDTA a Frio";"Absorção Atômica";NA;NA;NA;NA;NA;NA;NA;NA;NA;NA;NA;NA;"1";NA;NA;NA;NA;NA;NA;NA;NA;NA;NA;NA;NA;NA;NA;NA;NA;NA;NA;NA;NA;NA;NA;NA;NA;"-51,915647767";"-3,370839215";"Sulfetos de Altamira-Itaituba";"1890";"Geoquímica Regional";"Itaituba";"Concentrado de Bateia";"1521-DM-B-186";"-3,370839";"-51,915648";"5";"1521310";"1976-01-01";"Composto";"Aluviao";NA;NA;NA;NA;NA;"10";NA;NA;NA;NA;NA;NA;"5";NA;NA;"Rio";NA;NA;NA;"Chuvas Diarias";"Floresta Aberta";NA;"Leito Ativo Abaixo do Nível d'água";NA;NA;NA;NA;"4";"0,5";NA;"Normal";"10-50 Km2";NA;"Calha";"Clara";NA;NA;NA;"c(-51,915647767, -3,370839215)"
"Sulfetos de Altamira-Itaituba";"Sulfetos de Altamira-Itaituba";"1521310";"Concentrado de Bateia";"1521-DM-B-186";"DAG860A";"27760";"HNO3 a Quente";"Absorção Atômica";NA;"ND";NA;NA;NA;NA;NA;NA;NA;"ND";NA;NA;"< 5";NA;NA;NA;NA;NA;NA;NA;NA;NA;NA;NA;"45";NA;NA;NA;NA;NA;NA;NA;NA;NA;"5";NA;NA;"-51,915647767";"-3,370839215";"Sulfetos de Altamira-Itaituba";"1890";"Geoquímica Regional";"Itaituba";"Concentrado de Bateia";"1521-DM-B-186";"-3,370839";"-51,915648";"5";"1521310";"1976-01-01";"Composto";"Aluviao";NA;NA;NA;NA;NA;"10";NA;NA;NA;NA;NA;NA;"5";NA;NA;"Rio";NA;NA;NA;"Chuvas Diarias";"Floresta Aberta";NA;"Leito Ativo Abaixo do Nível d'água";NA;NA;NA;NA;"4";"0,5";NA;"Normal";"10-50 Km2";NA;"Calha";"Clara";NA;NA;NA;"c(-51,915647767, -3,370839215)"
"Sulfetos de Altamira-Itaituba";"Sulfetos de Altamira-Itaituba";"1521310";"Concentrado de Bateia";"1521-DM-B-186";"DAG860A";"27760";"Semiquantitativa";"Cromatografia";NA;NA;NA;NA;NA;NA;NA;NA;NA;NA;NA;NA;NA;NA;NA;NA;NA;NA;NA;NA;NA;NA;NA;NA;NA;NA;NA;NA;NA;NA;"< 20";NA;NA;NA;NA;NA;NA;"-51,915647767";"-3,370839215";"Sulfetos de Altamira-Itaituba";"1890";"Geoquímica Regional";"Itaituba";"Concentrado de Bateia";"1521-DM-B-186";"-3,370839";"-51,915648";"5";"1521310";"1976-01-01";"Composto";"Aluviao";NA;NA;NA;NA;NA;"10";NA;NA;NA;NA;NA;NA;"5";NA;NA;"Rio";NA;NA;NA;"Chuvas Diarias";"Floresta Aberta";NA;"Leito Ativo Abaixo do Nível d'água";NA;NA;NA;NA;"4";"0,5";NA;"Normal";"10-50 Km2";NA;"Calha";"Clara";NA;NA;NA;"c(-51,915647767, -3,370839215)"
"Sulfetos de Altamira-Itaituba";"Sulfetos de Altamira-Itaituba";"1521310";"Concentrado de Bateia";"1521-DM-B-186";"DAG860A";"27760";"Semiquantitativa";"Medidor de Íon Específico";NA;NA;NA;NA;NA;NA;NA;NA;NA;NA;NA;NA;NA;"120";NA;NA;NA;NA;NA;NA;NA;NA;NA;NA;NA;NA;NA;NA;NA;NA;NA;NA;NA;NA;NA;NA;NA;"-51,915647767";"-3,370839215";"Sulfetos de Altamira-Itaituba";"1890";"Geoquímica Regional";"Itaituba";"Concentrado de Bateia";"1521-DM-B-186";"-3,370839";"-51,915648";"5";"1521310";"1976-01-01";"Composto";"Aluviao";NA;NA;NA;NA;NA;"10";NA;NA;NA;NA;NA;NA;"5";NA;NA;"Rio";NA;NA;NA;"Chuvas Diarias";"Floresta Aberta";NA;"Leito Ativo Abaixo do Nível d'água";NA;NA;NA;NA;"4";"0,5";NA;"Normal";"10-50 Km2";NA;"Calha";"Clara";NA;NA;NA;"c(-51,915647767, -3,370839215)"
"Sulfetos de Altamira-Itaituba";"Sulfetos de Altamira-Itaituba";"1521310";"Concentrado de Bateia";"1521-DM-B-186";"DAG860A";"27760";NA;"Colorimetria";NA;NA;"< 10";NA;NA;NA;NA;NA;NA;NA;NA;NA;NA;NA;NA;NA;NA;NA;NA;NA;NA;NA;NA;NA;NA;"ND";NA;NA;NA;NA;NA;NA;NA;NA;NA;NA;NA;"-51,915647767";"-3,370839215";"Sulfetos de Altamira-Itaituba";"1890";"Geoquímica Regional";"Itaituba";"Concentrado de Bateia";"1521-DM-B-186";"-3,370839";"-51,915648";"5";"1521310";"1976-01-01";"Composto";"Aluviao";NA;NA;NA;NA;NA;"10";NA;NA;NA;NA;NA;NA;"5";NA;NA;"Rio";NA;NA;NA;"Chuvas Diarias";"Floresta Aberta";NA;"Leito Ativo Abaixo do Nível d'água";NA;NA;NA;NA;"4";"0,5";NA;"Normal";"10-50 Km2";NA;"Calha";"Clara";NA;NA;NA;"c(-51,915647767, -3,370839215)"
"Sulfetos de Altamira-Itaituba";"Sulfetos de Altamira-Itaituba";"1521310";"Concentrado de Bateia";"1521-DM-B-189";"DAG834";"27791";NA;NA;NA;NA;NA;NA;NA;NA;NA;NA;NA;NA;NA;NA;NA;NA;NA;NA;NA;NA;NA;NA;NA;"1,9";"7,1";"26,2";NA;NA;NA;NA;NA;NA;NA;NA;NA;NA;NA;NA;NA;"-51,989829287";"-3,302469981";"Sulfetos de Altamira-Itaituba";"1890";"Geoquímica Regional";"Itaituba";"Concentrado de Bateia";"1521-DM-B-189";"-3,30247";"-51,989829";"5";"1521310";"1976-02-01";"Composto";"Aluviao";NA;NA;NA;NA;NA;"10";NA;NA;NA;NA;NA;NA;"5";NA;NA;"Rio";NA;NA;NA;"Chuvas Diarias";"Floresta Aberta";NA;"Leito Ativo Abaixo do Nível d'água";NA;NA;NA;NA;"2";"0,2";NA;"Normal";"Ate 10 Km2";NA;"Calha";"Clara";NA;NA;NA;"c(-51,989829287, -3,302469981)"
"Sulfetos de Altamira-Itaituba";"Sulfetos de Altamira-Itaituba";"1521310";"Concentrado de Bateia";"1521-DM-B-192";"DAG835";"27791";NA;NA;NA;NA;NA;NA;NA;NA;NA;NA;NA;NA;NA;NA;NA;NA;NA;NA;NA;NA;NA;NA;NA;"4,2";"8,1";"78,8";NA;NA;NA;NA;NA;NA;NA;NA;NA;NA;NA;NA;NA;"-52,003439367";"-3,267547361";"Sulfetos de Altamira-Itaituba";"1890";"Geoquímica Regional";"Itaituba";"Concentrado de Bateia";"1521-DM-B-192";"-3,267547";"-52,003439";"5";"1521310";"1976-02-01";"Composto";"Aluviao";NA;NA;NA;NA;NA;"10";NA;NA;NA;NA;NA;NA;"5";NA;NA;"Rio";NA;NA;NA;"Chuvas Diarias";"Floresta Aberta";NA;"Leito Ativo Abaixo do Nível d'água";NA;NA;NA;NA;"4";"0,7";NA;"Normal";"10-50 Km2";NA;"Calha";"Clara";NA;NA;NA;"c(-52,003439367, -3,267547361)"
"Sulfetos de Altamira-Itaituba";"Sulfetos de Altamira-Itaituba";"1521310";"Concentrado de Bateia";"1521-DM-B-195";"DAG836";"27791";NA;NA;NA;NA;NA;NA;NA;NA;NA;NA;NA;NA;NA;NA;NA;NA;NA;NA;NA;NA;NA;NA;NA;"3,5";"5,5";"106,8";NA;NA;NA;NA;NA;NA;NA;NA;NA;NA;NA;NA;NA;"-52,106141045";"-3,185992617";"Sulfetos de Altamira-Itaituba";"1890";"Geoquímica Regional";"Itaituba";"Concentrado de Bateia";"1521-DM-B-195";"-3,185993";"-52,106141";"5";"1521310";"1976-02-01";"Composto";"Aluviao";NA;NA;NA;NA;NA;"10";NA;NA;NA;NA;NA;NA;"5";NA;NA;"Rio";NA;NA;NA;"Chuvas Diarias";"Floresta Aberta";NA;"Leito Ativo Abaixo do Nível d'água";NA;NA;NA;NA;"5";"0,7";NA;"Normal";"10-50 Km2";NA;"Calha";"Clara";NA;NA;NA;"c(-52,106141045, -3,185992617)"
"Sulfetos de Altamira-Itaituba";"Sulfetos de Altamira-Itaituba";"1521310";"Concentrado de Bateia";"1521-DM-B-197";"DAG837";"27791";NA;NA;NA;NA;NA;NA;NA;NA;NA;NA;NA;NA;NA;NA;NA;NA;NA;NA;NA;NA;NA;NA;NA;"4,0999999999999996";"4,4000000000000004";"83,3";NA;NA;NA;NA;NA;NA;NA;NA;NA;NA;NA;NA;NA;"-52,161709272";"-3,195833294";"Sulfetos de Altamira-Itaituba";"1890";"Geoquímica Regional";"Itaituba";"Concentrado de Bateia";"1521-DM-B-197";"-3,195833";"-52,161709";"5";"1521310";"1976-02-01";"Composto";"Aluviao";NA;NA;NA;NA;NA;"10";NA;NA;NA;NA;NA;NA;"4,7";NA;NA;"Rio";NA;NA;NA;"Chuvas Diarias";"Floresta Aberta";NA;"Leito Ativo Abaixo do Nível d'água";NA;NA;NA;NA;"2";"0,2";NA;"Normal";"Ate 10 Km2";NA;"Calha";"Clara";NA;NA;NA;"c(-52,161709272, -3,195833294)"
"Sulfetos de Altamira-Itaituba";"Sulfetos de Altamira-Itaituba";"1521310";"Concentrado de Bateia";"1521-DM-B-198";"DAG838";"27791";NA;NA;NA;NA;NA;NA;NA;NA;NA;NA;NA;NA;NA;NA;NA;NA;NA;NA;NA;NA;NA;NA;NA;"2,4";"7,1";"9,8000000000000007";NA;NA;NA;NA;NA;NA;NA;NA;NA;NA;NA;NA;NA;"-52,248839182";"-3,363884236";"Sulfetos de Altamira-Itaituba";"1890";"Geoquímica Regional";"Itaituba";"Concentrado de Bateia";"1521-DM-B-198";"-3,363884";"-52,248839";"5";"1521310";"1976-02-01";"Composto";"Aluviao";NA;NA;NA;NA;NA;"10";NA;NA;NA;NA;NA;NA;NA;NA;NA;"Rio";NA;NA;NA;"Chuvas Diarias";"Floresta Aberta";NA;"Leito Ativo Abaixo do Nível d'água";NA;NA;NA;NA;"6";"0,9";NA;"Normal";"50-100 Km2";NA;"Calha";"Clara";NA;NA;NA;"c(-52,248839182, -3,363884236)"
"Sulfetos de Altamira-Itaituba";"Sulfetos de Altamira-Itaituba";"1521310";"Concentrado de Bateia";"1521-DM-B-204";"DAG646";"27729";NA;NA;NA;NA;NA;NA;NA;NA;NA;NA;NA;NA;NA;NA;NA;NA;NA;NA;NA;NA;NA;NA;NA;"1,7";"3,1";"13,2";NA;NA;NA;NA;NA;NA;NA;NA;NA;NA;NA;NA;NA;"-51,683902487";"-3,173648844";"Sulfetos de Altamira-Itaituba";"1890";"Geoquímica Regional";"Itaituba";"Concentrado de Bateia";"1521-DM-B-204";"-3,173649";"-51,683902";"5";"1521310";"1975-12-01";"Composto";"Aluviao";NA;NA;NA;NA;NA;"10";NA;NA;NA;NA;NA;NA;"5,3";NA;NA;"Rio";"Gnaisse";NA;NA;"Periodo Seco";"Floresta Aberta";NA;"Leito Ativo Abaixo do Nível d'água";NA;NA;NA;NA;"5";"0,3";NA;"Baixa";"Ate 10 Km2";NA;"Calha";"Clara";NA;NA;NA;"c(-51,683902487, -3,173648844)"
"Sulfetos de Altamira-Itaituba";"Sulfetos de Altamira-Itaituba";"1521310";"Concentrado de Bateia";"1521-DM-B-208";"DAG839";"27729";NA;NA;NA;NA;NA;NA;NA;NA;NA;NA;NA;NA;NA;NA;NA;NA;NA;NA;NA;NA;NA;NA;NA;"2,9";"6";"36,9";NA;NA;NA;NA;NA;NA;NA;NA;NA;NA;NA;NA;NA;"-51,728406514";"-3,25798229";"Sulfetos de Altamira-Itaituba";"1890";"Geoquímica Regional";"Itaituba";"Concentrado de Bateia";"1521-DM-B-208";"-3,257982";"-51,728407";"5";"1521310";"1975-12-01";"Composto";"Aluviao";NA;NA;NA;NA;NA;"10";NA;NA;NA;NA;NA;NA;"5";NA;NA;"Rio";"Gnaisse";NA;NA;"Periodo Seco";"Floresta Aberta";NA;"Leito Ativo Abaixo do Nível d'água";NA;NA;NA;NA;"5";"0,3";NA;"Baixa";"Ate 10 Km2";NA;"Calha";"Clara";NA;NA;NA;"c(-51,728406514, -3,25798229)"
"Sulfetos de Altamira-Itaituba";"Sulfetos de Altamira-Itaituba";"1521310";"Concentrado de Bateia";"1521-DM-B-210";"DAG840";"27729";NA;NA;NA;NA;NA;NA;NA;NA;NA;NA;NA;NA;NA;NA;NA;NA;NA;NA;NA;NA;NA;NA;NA;"3,8";"6,7";"56,8";NA;NA;NA;NA;NA;NA;NA;NA;NA;NA;NA;NA;NA;"-51,743650987";"-3,296063532";"Sulfetos de Altamira-Itaituba";"1890";"Geoquímica Regional";"Itaituba";"Concentrado de Bateia";"1521-DM-B-210";"-3,296064";"-51,743651";"5";"1521310";"1975-12-01";"Composto";"Aluviao";NA;NA;NA;NA;NA;"10";NA;NA;NA;NA;NA;NA;"5";NA;NA;"Rio";"Gnaisse";NA;NA;"Periodo Seco";"Floresta Aberta";NA;"Leito Ativo Abaixo do Nível d'água";NA;NA;NA;NA;"3";"0,3";NA;"Baixa";"Ate 10 Km2";NA;"Calha";"Clara";NA;NA;NA;"c(-51,743650987, -3,296063532)"
"Sulfetos de Altamira-Itaituba";"Sulfetos de Altamira-Itaituba";"1521310";"Concentrado de Bateia";"1521-DM-B-212";"DAG841";"27729";NA;NA;NA;NA;NA;NA;NA;NA;NA;NA;NA;NA;NA;NA;NA;NA;NA;NA;NA;NA;NA;NA;NA;"3";"4,5";"82";NA;NA;NA;NA;NA;NA;NA;NA;NA;NA;NA;NA;NA;"-51,788673922";"-3,323167004";"Sulfetos de Altamira-Itaituba";"1890";"Geoquímica Regional";"Itaituba";"Concentrado de Bateia";"1521-DM-B-212";"-3,323167";"-51,788674";"5";"1521310";"1975-12-01";"Composto";"Aluviao";NA;NA;NA;NA;NA;"10";NA;NA;NA;NA;NA;NA;"5";NA;NA;"Rio";"Gnaisse";NA;NA;"Periodo Seco";"Floresta Aberta";NA;"Leito Ativo Abaixo do Nível d'água";NA;NA;NA;NA;"6";"0,5";NA;"Baixa";"10-50 Km2";NA;"Calha";"Clara";NA;NA;NA;"c(-51,788673922, -3,323167004)"
"Sulfetos de Altamira-Itaituba";"Sulfetos de Altamira-Itaituba";"1521310";"Concentrado de Bateia";"1521-DM-B-219";"DAG842";"27729";NA;NA;NA;NA;NA;NA;NA;NA;NA;NA;NA;NA;NA;NA;NA;NA;NA;NA;NA;NA;NA;NA;NA;"2,2999999999999998";"6,8";"30";NA;NA;NA;NA;NA;NA;NA;NA;NA;NA;NA;NA;NA;"-51,814776751";"-3,472244751";"Sulfetos de Altamira-Itaituba";"1890";"Geoquímica Regional";"Itaituba";"Concentrado de Bateia";"1521-DM-B-219";"-3,472245";"-51,814777";"5";"1521310";"1975-12-01";"Composto";"Aluviao";NA;NA;NA;NA;NA;"10";NA;NA;NA;NA;NA;NA;"5";NA;NA;"Rio";"Gnaisse";NA;NA;"Periodo Seco";"Floresta Aberta";NA;"Leito Ativo Abaixo do Nível d'água";NA;NA;NA;NA;"1";"0,1";NA;"Baixa";"Ate 10 Km2";NA;"Calha";"Clara";NA;NA;NA;"c(-51,814776751, -3,472244751)"
"Sulfetos de Altamira-Itaituba";"Sulfetos de Altamira-Itaituba";"1521310";"Concentrado de Bateia";"1521-DM-B-222";"DAG843";"27729";NA;NA;NA;NA;NA;NA;NA;NA;NA;NA;NA;NA;NA;NA;NA;NA;NA;NA;NA;NA;NA;NA;NA;"3";"6,1";"36,200000000000003";NA;NA;NA;NA;NA;NA;NA;NA;NA;NA;NA;NA;NA;"-51,782632801";"-3,448131895";"Sulfetos de Altamira-Itaituba";"1890";"Geoquímica Regional";"Itaituba";"Concentrado de Bateia";"1521-DM-B-222";"-3,448132";"-51,782633";"5";"1521310";"1975-12-01";"Composto";"Aluviao";NA;NA;NA;NA;NA;"10";NA;NA;NA;NA;NA;NA;"5";NA;NA;"Rio";"Gnaisse";NA;NA;"Periodo Seco";"Floresta Aberta";NA;"Leito Ativo Abaixo do Nível d'água";NA;NA;NA;NA;"1";"0,2";NA;"Baixa";"Ate 10 Km2";NA;"Calha";"Clara";NA;NA;NA;"c(-51,782632801, -3,448131895)"
"Sulfetos de Altamira-Itaituba";"Sulfetos de Altamira-Itaituba";"1521310";"Concentrado de Bateia";"1521-DM-B-226";"DAG844";"27729";NA;NA;NA;NA;NA;NA;NA;NA;NA;NA;NA;NA;NA;NA;NA;NA;NA;NA;NA;NA;NA;NA;NA;"1,4";"9,6999999999999993";"13,4";NA;NA;NA;NA;NA;NA;NA;NA;NA;NA;NA;NA;NA;"-51,864226926";"-3,526117455";"Sulfetos de Altamira-Itaituba";"1890";"Geoquímica Regional";"Itaituba";"Concentrado de Bateia";"1521-DM-B-226";"-3,526117";"-51,864227";"5";"1521310";"1975-12-01";"Composto";"Aluviao";NA;NA;NA;NA;NA;"10";NA;NA;NA;NA;NA;NA;"5";NA;NA;"Rio";"Gnaisse";NA;NA;"Periodo Seco";"Floresta Aberta";NA;"Leito Ativo Abaixo do Nível d'água";NA;NA;NA;NA;"1";"0,1";NA;"Baixa";"Ate 10 Km2";NA;"Calha";"Clara";NA;NA;NA;"c(-51,864226926, -3,526117455)"
"Sulfetos de Altamira-Itaituba";"Sulfetos de Altamira-Itaituba";"1521310";"Concentrado de Bateia";"1521-DM-B-229";"DAG845";"27729";NA;NA;NA;NA;NA;NA;NA;NA;NA;NA;NA;NA;NA;NA;NA;NA;NA;NA;NA;NA;NA;NA;NA;"2,7";"7,1";"30,9";NA;NA;NA;NA;NA;NA;NA;NA;NA;NA;NA;NA;NA;"-51,949686352";"-3,34954988";"Sulfetos de Altamira-Itaituba";"1890";"Geoquímica Regional";"Itaituba";"Concentrado de Bateia";"1521-DM-B-229";"-3,34955";"-51,949686";"5";"1521310";"1975-12-01";"Composto";"Aluviao";NA;NA;NA;NA;NA;"10";NA;NA;NA;NA;NA;NA;"5";NA;NA;"Rio";"Gnaisse";NA;NA;"Periodo Seco";"Floresta Aberta";NA;"Leito Ativo Abaixo do Nível d'água";NA;NA;NA;NA;"5";"0,3";NA;"Baixa";"10-50 Km2";NA;"Calha";"Clara";NA;NA;NA;"c(-51,949686352, -3,34954988)"
"Sulfetos de Altamira-Itaituba";"Sulfetos de Altamira-Itaituba";"1521310";"Concentrado de Bateia";"1521-DM-B-233";"DAG846";"27791";NA;NA;NA;NA;NA;NA;NA;NA;NA;NA;NA;NA;NA;NA;NA;NA;NA;NA;NA;NA;NA;NA;NA;"3";"5,3";"7,5";NA;NA;NA;NA;NA;NA;NA;NA;NA;NA;NA;NA;NA;"-52,283409796";"-3,393528872";"Sulfetos de Altamira-Itaituba";"1890";"Geoquímica Regional";"Itaituba";"Concentrado de Bateia";"1521-DM-B-233";"-3,393529";"-52,28341";"5";"1521310";"1976-02-01";"Composto";"Aluviao";NA;NA;NA;NA;NA;"10";NA;NA;NA;NA;NA;NA;"5";NA;NA;"Rio";NA;NA;NA;"Chuvas Diarias";"Floresta Aberta";NA;"Leito Ativo Abaixo do Nível d'água";NA;NA;NA;NA;"4";"0,6";NA;"Normal";"10-50 Km2";NA;"Calha";"Clara";NA;NA;NA;"c(-52,283409796, -3,393528872)"
"Sulfetos de Altamira-Itaituba";"Sulfetos de Altamira-Itaituba";"1521310";"Concentrado de Bateia";"1521-DM-B-235";"DAG847";"27791";NA;NA;NA;NA;NA;NA;NA;NA;NA;NA;NA;NA;NA;NA;NA;NA;NA;NA;NA;NA;NA;NA;NA;"3,1";"6,2";"9,1999999999999993";NA;NA;NA;NA;NA;NA;NA;NA;NA;NA;NA;NA;NA;"-52,34018001";"-3,455479619";"Sulfetos de Altamira-Itaituba";"1890";"Geoquímica Regional";"Itaituba";"Concentrado de Bateia";"1521-DM-B-235";"-3,45548";"-52,34018";"5";"1521310";"1976-02-01";"Composto";"Aluviao";NA;NA;NA;NA;NA;"10";NA;NA;NA;NA;NA;NA;"5";NA;NA;"Rio";NA;NA;NA;"Chuvas Diarias";"Terras Cultivadas";NA;"Leito Ativo Abaixo do Nível d'água";NA;NA;NA;NA;"3";"0,5";NA;"Normal";"10-50 Km2";NA;"Calha";"Clara";NA;NA;NA;"c(-52,34018001, -3,455479619)"
"Sulfetos de Altamira-Itaituba";"Sulfetos de Altamira-Itaituba";"1521310";"Concentrado de Bateia";"1521-DM-B-237";"DAG848";"27791";NA;NA;NA;NA;NA;NA;NA;NA;NA;NA;NA;NA;NA;NA;NA;NA;NA;NA;NA;NA;NA;NA;NA;"2,2999999999999998";"7,1";"14,4";NA;NA;NA;NA;NA;NA;NA;NA;NA;NA;NA;NA;NA;"-52,371109841";"-3,489041524";"Sulfetos de Altamira-Itaituba";"1890";"Geoquímica Regional";"Itaituba";"Concentrado de Bateia";"1521-DM-B-237";"-3,489042";"-52,37111";"5";"1521310";"1976-02-01";"Composto";"Aluviao";NA;NA;NA;NA;NA;"15";NA;NA;NA;NA;NA;NA;"5";NA;NA;"Rio";NA;NA;NA;"Chuvas Diarias";"Floresta Aberta";NA;"Leito Ativo Abaixo do Nível d'água";NA;NA;NA;NA;"15";"2";NA;"Normal";"50-100 Km2";NA;"Calha";"Clara";NA;NA;NA;"c(-52,371109841, -3,489041524)"
"Sulfetos de Altamira-Itaituba";"Sulfetos de Altamira-Itaituba";"1521310";"Concentrado de Bateia";"1521-DM-B-350";"DAJ045";"27973";NA;NA;NA;NA;NA;NA;NA;NA;NA;NA;NA;NA;NA;NA;NA;NA;NA;NA;NA;NA;NA;NA;NA;"2,8";"5,0999999999999996";"115,6";NA;NA;NA;NA;NA;NA;NA;NA;NA;NA;NA;NA;NA;"-54,631320922";"-3,832798279";"Sulfetos de Altamira-Itaituba";"1890";"Geoquímica Regional";"Itaituba";"Concentrado de Bateia";"1521-DM-B-350";"-3,832798";"-54,631321";"5";"1521310";"1976-08-01";"Composto";"Concrecoes Naturais";NA;NA;NA;NA;NA;"10";NA;NA;NA;NA;NA;NA;"5";NA;NA;"Rio";NA;NA;NA;"Periodo Seco";"Floresta Fechada";NA;"Leito Ativo Abaixo do Nível d'água";NA;NA;NA;NA;"2";"0,3";NA;"Baixa";"10-50 Km2";NA;"Calha";"Clara";NA;NA;NA;"c(-54,631320922, -3,832798279)"
"Sulfetos de Altamira-Itaituba";"Sulfetos de Altamira-Itaituba";"1521310";"Concentrado de Bateia";"1521-ES-B-076";"DAG507";"27699";"Água Régia Invertida";"Absorção Atômica";NA;NA;NA;NA;NA;NA;NA;NA;NA;NA;NA;NA;NA;NA;NA;NA;NA;NA;"ND";NA;NA;NA;NA;NA;NA;NA;NA;NA;NA;NA;NA;NA;NA;NA;NA;NA;NA;"-55,557821741";"-4,079844974";"Sulfetos de Altamira-Itaituba";"1890";"Geoquímica Regional";"Itaituba";"Concentrado de Bateia";"1521-ES-B-076";"-4,079845";"-55,557822";"5";"1521310";"1975-11-01";"Composto";"Areia";NA;NA;NA;NA;"Arredondado";"10";NA;"Menor do que 150 mesh TYLER";"0,50 mm ~ 32 mesh TYLER";"361";"Cinza";NA;"5,7";NA;NA;"Rio";NA;NA;NA;"Chuvas Esparsas";"Floresta Fechada";NA;"Leito Ativo Abaixo do Nível d'água";NA;NA;NA;NA;"2";"0,2";"Lenta";"Baixa";"10-50 Km2";"Pouca";"Calha";"Preta";NA;NA;NA;"c(-55,557821741, -4,079844974)"
"Sulfetos de Altamira-Itaituba";"Sulfetos de Altamira-Itaituba";"1521310";"Concentrado de Bateia";"1521-ES-B-076";"DAG507";"27699";"EDTA a Frio";"Absorção Atômica";NA;NA;NA;NA;NA;NA;NA;NA;NA;NA;NA;NA;"5";NA;NA;NA;NA;NA;NA;NA;NA;NA;NA;NA;NA;NA;NA;NA;NA;NA;NA;NA;NA;NA;NA;NA;NA;"-55,557821741";"-4,079844974";"Sulfetos de Altamira-Itaituba";"1890";"Geoquímica Regional";"Itaituba";"Concentrado de Bateia";"1521-ES-B-076";"-4,079845";"-55,557822";"5";"1521310";"1975-11-01";"Composto";"Areia";NA;NA;NA;NA;"Arredondado";"10";NA;"Menor do que 150 mesh TYLER";"0,50 mm ~ 32 mesh TYLER";"361";"Cinza";NA;"5,7";NA;NA;"Rio";NA;NA;NA;"Chuvas Esparsas";"Floresta Fechada";NA;"Leito Ativo Abaixo do Nível d'água";NA;NA;NA;NA;"2";"0,2";"Lenta";"Baixa";"10-50 Km2";"Pouca";"Calha";"Preta";NA;NA;NA;"c(-55,557821741, -4,079844974)"
"Sulfetos de Altamira-Itaituba";"Sulfetos de Altamira-Itaituba";"1521310";"Concentrado de Bateia";"1521-ES-B-076";"DAG507";"27699";"HBr, Br";"Absorção Atômica";NA;NA;NA;"< 0,1";NA;NA;NA;NA;NA;NA;NA;NA;NA;NA;NA;NA;NA;NA;NA;NA;NA;NA;NA;NA;NA;NA;NA;NA;NA;NA;NA;NA;NA;NA;NA;NA;"Amostra insuficiente para completar análise de Au_ppm";"-55,557821741";"-4,079844974";"Sulfetos de Altamira-Itaituba";"1890";"Geoquímica Regional";"Itaituba";"Concentrado de Bateia";"1521-ES-B-076";"-4,079845";"-55,557822";"5";"1521310";"1975-11-01";"Composto";"Areia";NA;NA;NA;NA;"Arredondado";"10";NA;"Menor do que 150 mesh TYLER";"0,50 mm ~ 32 mesh TYLER";"361";"Cinza";NA;"5,7";NA;NA;"Rio";NA;NA;NA;"Chuvas Esparsas";"Floresta Fechada";NA;"Leito Ativo Abaixo do Nível d'água";NA;NA;NA;NA;"2";"0,2";"Lenta";"Baixa";"10-50 Km2";"Pouca";"Calha";"Preta";NA;NA;NA;"c(-55,557821741, -4,079844974)"
"Sulfetos de Altamira-Itaituba";"Sulfetos de Altamira-Itaituba";"1521310";"Concentrado de Bateia";"1521-ES-B-076";"DAG507";"27699";"HNO3 a Quente";"Absorção Atômica";NA;"ND";NA;NA;NA;NA;NA;NA;NA;"0,5";NA;NA;"15";NA;NA;NA;NA;NA;NA;NA;NA;NA;NA;NA;"5";NA;NA;NA;NA;NA;NA;NA;NA;NA;"55";NA;NA;"-55,557821741";"-4,079844974";"Sulfetos de Altamira-Itaituba";"1890";"Geoquímica Regional";"Itaituba";"Concentrado de Bateia";"1521-ES-B-076";"-4,079845";"-55,557822";"5";"1521310";"1975-11-01";"Composto";"Areia";NA;NA;NA;NA;"Arredondado";"10";NA;"Menor do que 150 mesh TYLER";"0,50 mm ~ 32 mesh TYLER";"361";"Cinza";NA;"5,7";NA;NA;"Rio";NA;NA;NA;"Chuvas Esparsas";"Floresta Fechada";NA;"Leito Ativo Abaixo do Nível d'água";NA;NA;NA;NA;"2";"0,2";"Lenta";"Baixa";"10-50 Km2";"Pouca";"Calha";"Preta";NA;NA;NA;"c(-55,557821741, -4,079844974)"
"Sulfetos de Altamira-Itaituba";"Sulfetos de Altamira-Itaituba";"1521310";"Concentrado de Bateia";"1521-ES-B-076";"DAG507";"27699";"Semiquantitativa";"Cromatografia";NA;NA;NA;NA;NA;NA;NA;NA;NA;NA;NA;NA;NA;NA;NA;NA;NA;NA;NA;NA;NA;NA;NA;NA;NA;NA;NA;NA;NA;NA;"< 20";NA;NA;NA;NA;NA;NA;"-55,557821741";"-4,079844974";"Sulfetos de Altamira-Itaituba";"1890";"Geoquímica Regional";"Itaituba";"Concentrado de Bateia";"1521-ES-B-076";"-4,079845";"-55,557822";"5";"1521310";"1975-11-01";"Composto";"Areia";NA;NA;NA;NA;"Arredondado";"10";NA;"Menor do que 150 mesh TYLER";"0,50 mm ~ 32 mesh TYLER";"361";"Cinza";NA;"5,7";NA;NA;"Rio";NA;NA;NA;"Chuvas Esparsas";"Floresta Fechada";NA;"Leito Ativo Abaixo do Nível d'água";NA;NA;NA;NA;"2";"0,2";"Lenta";"Baixa";"10-50 Km2";"Pouca";"Calha";"Preta";NA;NA;NA;"c(-55,557821741, -4,079844974)"
"Sulfetos de Altamira-Itaituba";"Sulfetos de Altamira-Itaituba";"1521310";"Concentrado de Bateia";"1521-ES-B-076";"DAG507";"27699";"Semiquantitativa";"Medidor de Íon Específico";NA;NA;NA;NA;NA;NA;NA;NA;NA;NA;NA;NA;NA;"120";NA;NA;NA;NA;NA;NA;NA;NA;NA;NA;NA;NA;NA;NA;NA;NA;NA;NA;NA;NA;NA;NA;NA;"-55,557821741";"-4,079844974";"Sulfetos de Altamira-Itaituba";"1890";"Geoquímica Regional";"Itaituba";"Concentrado de Bateia";"1521-ES-B-076";"-4,079845";"-55,557822";"5";"1521310";"1975-11-01";"Composto";"Areia";NA;NA;NA;NA;"Arredondado";"10";NA;"Menor do que 150 mesh TYLER";"0,50 mm ~ 32 mesh TYLER";"361";"Cinza";NA;"5,7";NA;NA;"Rio";NA;NA;NA;"Chuvas Esparsas";"Floresta Fechada";NA;"Leito Ativo Abaixo do Nível d'água";NA;NA;NA;NA;"2";"0,2";"Lenta";"Baixa";"10-50 Km2";"Pouca";"Calha";"Preta";NA;NA;NA;"c(-55,557821741, -4,079844974)"
"Sulfetos de Altamira-Itaituba";"Sulfetos de Altamira-Itaituba";"1521310";"Concentrado de Bateia";"1521-ES-B-076";"DAG507";"27699";NA;"Colorimetria";NA;NA;"< 10";NA;NA;NA;NA;NA;NA;NA;NA;NA;NA;NA;NA;NA;NA;NA;NA;NA;NA;NA;NA;NA;NA;"< 1";NA;NA;NA;NA;NA;NA;NA;NA;NA;NA;NA;"-55,557821741";"-4,079844974";"Sulfetos de Altamira-Itaituba";"1890";"Geoquímica Regional";"Itaituba";"Concentrado de Bateia";"1521-ES-B-076";"-4,079845";"-55,557822";"5";"1521310";"1975-11-01";"Composto";"Areia";NA;NA;NA;NA;"Arredondado";"10";NA;"Menor do que 150 mesh TYLER";"0,50 mm ~ 32 mesh TYLER";"361";"Cinza";NA;"5,7";NA;NA;"Rio";NA;NA;NA;"Chuvas Esparsas";"Floresta Fechada";NA;"Leito Ativo Abaixo do Nível d'água";NA;NA;NA;NA;"2";"0,2";"Lenta";"Baixa";"10-50 Km2";"Pouca";"Calha";"Preta";NA;NA;NA;"c(-55,557821741, -4,079844974)"
"Sulfetos de Altamira-Itaituba";"Sulfetos de Altamira-Itaituba";"1521310";"Concentrado de Bateia";"1521-ES-B-076";"DAG507";"27699";NA;"Espectrografia Ótica de Emissão";NA;"ND";"ND";"ND";"70";"200";"< 1";"ND";"0,15";"ND";"10";"50";"20";NA;"1,5";"20";"0,1";"150";"ND";"10";"15";NA;NA;NA;"10";"ND";"5";"ND";"ND";"0,5";NA;"70";"ND";"30";"ND";"1000";NA;"-55,557821741";"-4,079844974";"Sulfetos de Altamira-Itaituba";"1890";"Geoquímica Regional";"Itaituba";"Concentrado de Bateia";"1521-ES-B-076";"-4,079845";"-55,557822";"5";"1521310";"1975-11-01";"Composto";"Areia";NA;NA;NA;NA;"Arredondado";"10";NA;"Menor do que 150 mesh TYLER";"0,50 mm ~ 32 mesh TYLER";"361";"Cinza";NA;"5,7";NA;NA;"Rio";NA;NA;NA;"Chuvas Esparsas";"Floresta Fechada";NA;"Leito Ativo Abaixo do Nível d'água";NA;NA;NA;NA;"2";"0,2";"Lenta";"Baixa";"10-50 Km2";"Pouca";"Calha";"Preta";NA;NA;NA;"c(-55,557821741, -4,079844974)"
"Sulfetos de Altamira-Itaituba";"Sulfetos de Altamira-Itaituba";"1521310";"Concentrado de Bateia";"1521-ES-B-342";"DAJ096";"27973";NA;NA;NA;NA;NA;NA;NA;NA;NA;NA;NA;NA;NA;NA;NA;NA;NA;NA;NA;NA;NA;NA;NA;"3,5";"4,7";"95,3";NA;NA;NA;NA;NA;NA;NA;NA;NA;NA;NA;NA;NA;"-53,143931332";"-3,589967481";"Sulfetos de Altamira-Itaituba";"1890";"Geoquímica Regional";"Itaituba";"Concentrado de Bateia";"1521-ES-B-342";"-3,589967";"-53,143931";"5";"1521310";"1976-08-01";"Composto";"Areia";NA;NA;NA;NA;NA;"10";NA;NA;NA;NA;NA;NA;NA;NA;NA;"Rio";NA;NA;NA;"Periodo Seco";"Floresta Fechada";NA;"Leito Ativo Abaixo do Nível d'água";NA;NA;NA;NA;NA;NA;NA;NA;"Ate 10 Km2";NA;"Calha";NA;NA;NA;NA;"c(-53,143931332, -3,589967481)"
"Sulfetos de Altamira-Itaituba";"Sulfetos de Altamira-Itaituba";"1521310";"Concentrado de Bateia";"1521-ES-B-343";"DAJ097";"27973";NA;NA;NA;NA;NA;NA;NA;NA;NA;NA;NA;NA;NA;NA;NA;NA;NA;NA;NA;NA;NA;NA;NA;"2,5";"3,8";"8";NA;NA;NA;NA;NA;NA;NA;NA;NA;NA;NA;NA;NA;"-53,144886942";"-3,599527797";"Sulfetos de Altamira-Itaituba";"1890";"Geoquímica Regional";"Itaituba";"Concentrado de Bateia";"1521-ES-B-343";"-3,599528";"-53,144887";"5";"1521310";"1976-08-01";"Composto";"Areia";NA;NA;NA;NA;NA;"10";NA;NA;NA;NA;NA;NA;NA;NA;NA;"Rio";NA;NA;NA;"Periodo Seco";"Floresta Fechada";NA;"Leito Ativo Abaixo do Nível d'água";NA;NA;NA;NA;NA;NA;NA;NA;"Ate 10 Km2";NA;"Calha";NA;NA;NA;NA;"c(-53,144886942, -3,599527797)"
"Sulfetos de Altamira-Itaituba";"Sulfetos de Altamira-Itaituba";"1521310";"Concentrado de Bateia";"1521-ES-B-347";"DAJ098";"27973";NA;NA;NA;NA;NA;NA;NA;NA;NA;NA;NA;NA;NA;NA;NA;NA;NA;NA;NA;NA;NA;NA;NA;"2,6";"9,6999999999999993";"65,400000000000006";NA;NA;NA;NA;NA;NA;NA;NA;NA;NA;NA;NA;NA;"-53,093446066";"-3,612687135";"Sulfetos de Altamira-Itaituba";"1890";"Geoquímica Regional";"Itaituba";"Concentrado de Bateia";"1521-ES-B-347";"-3,612687";"-53,093446";"5";"1521310";"1976-08-01";"Composto";"Areia";NA;NA;NA;NA;NA;"10";NA;NA;NA;NA;NA;NA;NA;NA;NA;"Rio";NA;NA;NA;"Periodo Seco";"Floresta Fechada";NA;"Leito Ativo Abaixo do Nível d'água";NA;NA;NA;NA;NA;NA;NA;NA;"10-50 Km2";NA;"Calha";NA;NA;NA;NA;"c(-53,093446066, -3,612687135)"
"Sulfetos de Altamira-Itaituba";"Sulfetos de Altamira-Itaituba";"1521310";"Concentrado de Bateia";"1521-ES-B-348";"DAJ099";"27973";NA;NA;NA;NA;NA;NA;NA;NA;NA;NA;NA;NA;NA;NA;NA;NA;NA;NA;NA;NA;NA;NA;NA;"2,1";"9";"116";NA;NA;NA;NA;NA;NA;NA;NA;NA;NA;NA;NA;NA;"-53,088046444";"-3,62011661";"Sulfetos de Altamira-Itaituba";"1890";"Geoquímica Regional";"Itaituba";"Concentrado de Bateia";"1521-ES-B-348";"-3,620117";"-53,088046";"5";"1521310";"1976-08-01";"Composto";"Conglomerado";NA;NA;NA;NA;NA;"10";NA;NA;NA;NA;NA;NA;NA;NA;NA;"Rio";NA;NA;NA;"Periodo Seco";"Floresta Fechada";NA;"Leito Ativo Abaixo do Nível d'água";NA;NA;NA;NA;NA;NA;NA;NA;"10-50 Km2";NA;"Calha";NA;NA;NA;NA;"c(-53,088046444, -3,62011661)"
"Sulfetos de Altamira-Itaituba";"Sulfetos de Altamira-Itaituba";"1521310";"Concentrado de Bateia";"1521-ES-B-356";"DAJ100";"27973";NA;NA;NA;NA;NA;NA;NA;NA;NA;NA;NA;NA;NA;NA;NA;NA;NA;NA;NA;NA;NA;NA;NA;"3,7";"4,5";"192,7";NA;NA;NA;NA;NA;NA;NA;NA;NA;NA;NA;NA;NA;"-53,053706381";"-3,520055351";"Sulfetos de Altamira-Itaituba";"1890";"Geoquímica Regional";"Itaituba";"Concentrado de Bateia";"1521-ES-B-356";"-3,520055";"-53,053706";"5";"1521310";"1976-08-01";"Composto";"Areia";NA;NA;NA;NA;NA;"10";NA;NA;NA;NA;NA;NA;NA;NA;NA;"Rio";NA;NA;NA;"Periodo Seco";"Floresta Aberta";NA;"Leito Ativo Abaixo do Nível d'água";NA;NA;NA;NA;NA;NA;NA;NA;NA;NA;"Calha";NA;NA;NA;NA;"c(-53,053706381, -3,520055351)"
"Sulfetos de Altamira-Itaituba";"Sulfetos de Altamira-Itaituba";"1521310";"Concentrado de Bateia";"1521-ES-B-357";"DAJ101";"27973";NA;NA;NA;NA;NA;NA;NA;NA;NA;NA;NA;NA;NA;NA;NA;NA;NA;NA;NA;NA;NA;NA;NA;"2";"4";"17";NA;NA;NA;NA;NA;NA;NA;NA;NA;NA;NA;NA;NA;"-53,060107194";"-3,463798145";"Sulfetos de Altamira-Itaituba";"1890";"Geoquímica Regional";"Itaituba";"Concentrado de Bateia";"1521-ES-B-357";"-3,463798";"-53,060107";"5";"1521310";"1976-08-01";"Composto";"Areia";NA;NA;NA;NA;NA;"10";NA;NA;NA;NA;NA;NA;NA;NA;NA;"Rio";NA;NA;NA;"Periodo Seco";"Floresta Fechada";NA;"Leito Ativo Abaixo do Nível d'água";NA;NA;NA;NA;NA;NA;NA;NA;NA;NA;"Calha";NA;NA;NA;NA;"c(-53,060107194, -3,463798145)"
"Sulfetos de Altamira-Itaituba";"Sulfetos de Altamira-Itaituba";"1521310";"Concentrado de Bateia";"1521-SA-B-138";"DAG080";"27699";NA;NA;NA;NA;NA;NA;NA;NA;NA;NA;NA;NA;NA;NA;NA;NA;NA;NA;NA;NA;NA;NA;NA;"3,2";"14,8";"131";NA;NA;NA;NA;NA;NA;NA;NA;NA;NA;NA;NA;NA;"-53,8020895809555";"-3,71777617984913";"Sulfetos de Altamira-Itaituba";"1890";"Geoquímica Regional";"Itaituba";"Concentrado de Bateia";"1521-SA-B-138";"-3,717776";"-53,80209";"5";"1521310";"1975-11-01";"Composto";"Areia";NA;NA;NA;NA;"Arredondado";"10";NA;NA;NA;"6310";NA;NA;"4,9";NA;NA;"Rio";NA;NA;NA;"Periodo Seco";"Terras Cultivadas";"Planice";"Leito Ativo Abaixo do Nível d'água";NA;NA;NA;NA;"3";"0,3";"Baixa";"Baixa";"Ate 10 Km2";"Nenhuma";"Calha";"Clara";NA;NA;NA;"c(-53,8020895809555, -3,71777617984913)"
