"ID";"N_LAB";"AREA";"LONG";"LAT";"NUM_CAMPO";"PROJETO";"CLASSE";"Lab";"BASE";"AG_PPM";"AS_PPM";"AU_PPM";"B_PPM";"BA_PPM";"BE_PPM";"BI_PPM";"CD_PPM";"CO_PPM";"CR_PPM";"CU_PPM";"LA_PPM";"MN_PPM";"MO_PPM";"NB_PPM";"NI_PPM";"PB_PPM";"SB_PPM";"SC_PPM";"SN_PPM";"SR_PPM";"V_PPM";"W_PPM";"Y_PPM";"ZN_PPM";"ZR_PPM";"F_PPM";"U_PPM";"CA_PCT";"FE_PCT";"MG_PCT";"TI_PCT"
1;"DBX371";"cartas_100M";-51.487854345;-3.731667905;"1511-AV-L-039";"Grande Carajás - Folha Altamira";"Solo";"Absorção Atômica - HNO3 a Quente";"SGB-CPRM - Rigeo";;;;;;;;;"65";;"210";;;;;"100";"8";;;;;;;;"100";;;;;;;
2;"DBX371";"cartas_100M";-51.487854345;-3.731667905;"1511-AV-L-039";"Grande Carajás - Folha Altamira";"Solo";"Colorimetria";"SGB-CPRM - Rigeo";;;;;;;;;;;;;;;;;;;;;;;"4";;;;;;;;;
3;"DBX371";"cartas_100M";-51.487854345;-3.731667905;"1511-AV-L-039";"Grande Carajás - Folha Altamira";"Solo";"Espectrografia Ótica de Emissão";"SGB-CPRM - Rigeo";"ND";"ND";"ND";"20";"200";"< 1";"ND";"ND";"50";"100";"150";"20";"2000";"ND";"< 10";"100";"20";"ND";"20";"ND";"ND";"200";"ND";"20";"200";"100";;;"0,05";"10";"0,15";"> 1"
4;"DBX372";"cartas_100M";-51.479708941;-3.719882776;"1511-AV-L-040";"Grande Carajás - Folha Altamira";"Solo";"Absorção Atômica - HNO3 a Quente";"SGB-CPRM - Rigeo";;;;;;;;;"14";;"150";;;;;"55";"6";;;;;;;;"55";;;;;;;
5;"DBX372";"cartas_100M";-51.479708941;-3.719882776;"1511-AV-L-040";"Grande Carajás - Folha Altamira";"Solo";"Colorimetria";"SGB-CPRM - Rigeo";;;;;;;;;;;;;;;;;;;;;;;"4";;;;;;;;;
6;"DBX372";"cartas_100M";-51.479708941;-3.719882776;"1511-AV-L-040";"Grande Carajás - Folha Altamira";"Solo";"Espectrografia Ótica de Emissão";"SGB-CPRM - Rigeo";"ND";"ND";"ND";"50";"100";"ND";"ND";"ND";"20";"150";"100";"20";"300";"ND";"< 10";"100";"10";"ND";"50";"ND";"ND";"500";"ND";"15";"200";"100";;;"< 0,05";"15";"0,05";"1"
7;"DBX373";"cartas_100M";-51.559541193;-3.688172932;"1511-AV-L-041";"Grande Carajás - Folha Altamira";"Solo";"Absorção Atômica - HNO3 a Quente";"SGB-CPRM - Rigeo";;;;;;;;;"2";;"65";;;;;"26";"10";;;;;;;;"25";;;;;;;
8;"DBX373";"cartas_100M";-51.559541193;-3.688172932;"1511-AV-L-041";"Grande Carajás - Folha Altamira";"Solo";"Colorimetria";"SGB-CPRM - Rigeo";;;;;;;;;;;;;;;;;;;;;;;"4";;;;;;;;;
9;"DBX373";"cartas_100M";-51.559541193;-3.688172932;"1511-AV-L-041";"Grande Carajás - Folha Altamira";"Solo";"Espectrografia Ótica de Emissão";"SGB-CPRM - Rigeo";"ND";"ND";"ND";"< 10";"200";"ND";"ND";"ND";"7";"500";"50";"50";"150";"ND";"< 10";"70";"50";"ND";"30";"ND";"ND";"500";"ND";"15";"ND";"150";;;"< 0,05";"20";"0,02";"0,7"
10;"DBX374";"cartas_100M";-51.568056978;-3.722638425;"1511-AV-L-042";"Grande Carajás - Folha Altamira";"Solo";"Absorção Atômica - HNO3 a Quente";"SGB-CPRM - Rigeo";;;;;;;;;"4";;"28";;;;;"13";"< 5";;;;;;;;"30";;;;;;;
11;"DBX374";"cartas_100M";-51.568056978;-3.722638425;"1511-AV-L-042";"Grande Carajás - Folha Altamira";"Solo";"Colorimetria";"SGB-CPRM - Rigeo";;;;;;;;;;;;;;;;;;;;;;;"4";;;;;;;;;
12;"DBX374";"cartas_100M";-51.568056978;-3.722638425;"1511-AV-L-042";"Grande Carajás - Folha Altamira";"Solo";"Espectrografia Ótica de Emissão";"SGB-CPRM - Rigeo";"ND";"ND";"ND";"50";"200";"< 1";"ND";"ND";"5";"70";"20";"20";"150";"< 5";"< 10";"20";"10";"ND";"20";"ND";"ND";"200";"ND";"30";"ND";"150";;;"< 0,05";"10";"0,1";"0,5"
13;"DBX375";"cartas_100M";-51.633612166;-3.697307693;"1511-AV-L-043";"Grande Carajás - Folha Altamira";"Solo";"Absorção Atômica - HNO3 a Quente";"SGB-CPRM - Rigeo";;;;;;;;;"45";;"150";;;;;"120";"< 5";;;;;;;;"160";;;;;;;
14;"DBX375";"cartas_100M";-51.633612166;-3.697307693;"1511-AV-L-043";"Grande Carajás - Folha Altamira";"Solo";"Colorimetria";"SGB-CPRM - Rigeo";;;;;;;;;;;;;;;;;;;;;;;"ND";;;;;;;;;
15;"DBX375";"cartas_100M";-51.633612166;-3.697307693;"1511-AV-L-043";"Grande Carajás - Folha Altamira";"Solo";"Espectrografia Ótica de Emissão";"SGB-CPRM - Rigeo";"ND";"ND";"ND";"50";"70";"< 1";"ND";"ND";"30";"100";"70";"< 20";"500";"ND";"ND";"100";"< 10";"ND";"20";"ND";"ND";"300";"ND";"30";"ND";"50";;;"7,0000000000000007E-2";"5";"0,3";"0,5"
16;"DBX312";"cartas_100M";-51.722503598;-3.658977816;"1511-AV-L-073";"Grande Carajás - Folha Altamira";"Solo";"Absorção Atômica - HNO3 a Quente";"SGB-CPRM - Rigeo";;;;;;;;;"3";;"100";;;;;"40";"ND";;;;;;;;"29";;;;;;;
17;"DBX312";"cartas_100M";-51.722503598;-3.658977816;"1511-AV-L-073";"Grande Carajás - Folha Altamira";"Solo";"Colorimetria";"SGB-CPRM - Rigeo";;;;;;;;;;;;;;;;;;;;;;;"ND";;;;;;;;;
18;"DBX312";"cartas_100M";-51.722503598;-3.658977816;"1511-AV-L-073";"Grande Carajás - Folha Altamira";"Solo";"Espectrografia Ótica de Emissão";"SGB-CPRM - Rigeo";"ND";"ND";"ND";"10";"30";"ND";"ND";"ND";"5";"200";"100";"ND";"150";"ND";"< 10";"100";"< 10";"ND";"30";"ND";"ND";"500";"ND";"< 10";"ND";"70";;;"< 0,05";"15";"0,02";"0,7"
19;"DBX313";"cartas_100M";-51.723470002;-3.660545048;"1511-AV-L-074";"Grande Carajás - Folha Altamira";"Solo";"Absorção Atômica - HNO3 a Quente";"SGB-CPRM - Rigeo";;;;;;;;;"2";;"140";;;;;"40";"ND";;;;;;;;"35";;;;;;;
20;"DBX313";"cartas_100M";-51.723470002;-3.660545048;"1511-AV-L-074";"Grande Carajás - Folha Altamira";"Solo";"Colorimetria";"SGB-CPRM - Rigeo";;;;;;;;;;;;;;;;;;;;;;;"ND";;;;;;;;;
21;"DBX313";"cartas_100M";-51.723470002;-3.660545048;"1511-AV-L-074";"Grande Carajás - Folha Altamira";"Solo";"Espectrografia Ótica de Emissão";"SGB-CPRM - Rigeo";"ND";"ND";"ND";"10";"< 20";"ND";"ND";"ND";"< 5";"150";"70";"ND";"150";"ND";"< 10";"70";"< 10";"ND";"30";"ND";"ND";"500";"ND";"< 10";"ND";"70";;;"< 0,05";"10";"< 0,02";"0,7"
22;"DBX314";"cartas_100M";-51.724067145;-3.6624716;"1511-AV-L-075";"Grande Carajás - Folha Altamira";"Solo";"Absorção Atômica - HNO3 a Quente";"SGB-CPRM - Rigeo";;;;;;;;;"1";;"30";;;;;"4";"ND";;;;;;;;"9";;;;;;;
23;"DBX314";"cartas_100M";-51.724067145;-3.6624716;"1511-AV-L-075";"Grande Carajás - Folha Altamira";"Solo";"Colorimetria";"SGB-CPRM - Rigeo";;;;;;;;;;;;;;;;;;;;;;;"ND";;;;;;;;;
24;"DBX314";"cartas_100M";-51.724067145;-3.6624716;"1511-AV-L-075";"Grande Carajás - Folha Altamira";"Solo";"Espectrografia Ótica de Emissão";"SGB-CPRM - Rigeo";"ND";"ND";"ND";"100";"200";"ND";"ND";"ND";"< 5";"100";"30";"ND";"150";"ND";"< 10";"20";"10";"ND";"20";"ND";"ND";"200";"ND";"30";"ND";"150";;;"< 0,05";"5";"0,05";"> 1"
25;"DBX315";"cartas_100M";-51.725140478;-3.664038742;"1511-AV-L-076";"Grande Carajás - Folha Altamira";"Solo";"Absorção Atômica - HNO3 a Quente";"SGB-CPRM - Rigeo";;;;;;;;;"1";;"45";;;;;"10";"ND";;;;;;;;"18";;;;;;;
26;"DBX315";"cartas_100M";-51.725140478;-3.664038742;"1511-AV-L-076";"Grande Carajás - Folha Altamira";"Solo";"Colorimetria";"SGB-CPRM - Rigeo";;;;;;;;;;;;;;;;;;;;;;;"ND";;;;;;;;;
27;"DBX315";"cartas_100M";-51.725140478;-3.664038742;"1511-AV-L-076";"Grande Carajás - Folha Altamira";"Solo";"Espectrografia Ótica de Emissão";"SGB-CPRM - Rigeo";"ND";"ND";"ND";"50";"100";"ND";"ND";"ND";"5";"100";"30";"< 20";"150";"ND";"< 10";"50";"10";"ND";"30";"ND";"ND";"500";"ND";"30";"ND";"150";;;"< 0,05";"10";"0,03";"1"
28;"DBX316";"cartas_100M";-51.726821698;-3.665712807;"1511-AV-L-077";"Grande Carajás - Folha Altamira";"Solo";"Absorção Atômica - HNO3 a Quente";"SGB-CPRM - Rigeo";;;;;;;;;"1";;"45";;;;;"11";"ND";;;;;;;;"15";;;;;;;
29;"DBX316";"cartas_100M";-51.726821698;-3.665712807;"1511-AV-L-077";"Grande Carajás - Folha Altamira";"Solo";"Colorimetria";"SGB-CPRM - Rigeo";;;;;;;;;;;;;;;;;;;;;;;"ND";;;;;;;;;
30;"DBX316";"cartas_100M";-51.726821698;-3.665712807;"1511-AV-L-077";"Grande Carajás - Folha Altamira";"Solo";"Espectrografia Ótica de Emissão";"SGB-CPRM - Rigeo";"ND";"ND";"ND";"50";"150";"ND";"ND";"ND";"5";"150";"50";"< 20";"100";"ND";"< 10";"100";"15";"ND";"30";"10";"ND";"500";"ND";"30";"ND";"150";;;"< 0,05";"10";"0,03";"1"
31;"DBX317";"cartas_100M";-51.727775727;-3.667040693;"1511-AV-L-078";"Grande Carajás - Folha Altamira";"Solo";"Absorção Atômica - HNO3 a Quente";"SGB-CPRM - Rigeo";;;;;;;;;"ND";;"15";;;;;"1";"< 5";;;;;;;;"5";;;;;;;
32;"DBX317";"cartas_100M";-51.727775727;-3.667040693;"1511-AV-L-078";"Grande Carajás - Folha Altamira";"Solo";"Colorimetria";"SGB-CPRM - Rigeo";;;;;;;;;;;;;;;;;;;;;;;"ND";;;;;;;;;
33;"DBX317";"cartas_100M";-51.727775727;-3.667040693;"1511-AV-L-078";"Grande Carajás - Folha Altamira";"Solo";"Espectrografia Ótica de Emissão";"SGB-CPRM - Rigeo";"ND";"ND";"ND";"100";"300";"< 1";"ND";"ND";"< 5";"100";"15";"20";"50";"ND";"10";"20";"20";"ND";"15";"ND";"ND";"150";"ND";"20";"ND";"200";;;"< 0,05";"3";"0,1";"1"
34;"DBX318";"cartas_100M";-51.728875803;-3.668899619;"1511-AV-L-079";"Grande Carajás - Folha Altamira";"Solo";"Absorção Atômica - HNO3 a Quente";"SGB-CPRM - Rigeo";;;;;;;;;"1";;"35";;;;;"23";"< 5";;;;;;;;"16";;;;;;;
35;"DBX318";"cartas_100M";-51.728875803;-3.668899619;"1511-AV-L-079";"Grande Carajás - Folha Altamira";"Solo";"Colorimetria";"SGB-CPRM - Rigeo";;;;;;;;;;;;;;;;;;;;;;;"4";;;;;;;;;
36;"DBX318";"cartas_100M";-51.728875803;-3.668899619;"1511-AV-L-079";"Grande Carajás - Folha Altamira";"Solo";"Espectrografia Ótica de Emissão";"SGB-CPRM - Rigeo";"ND";"ND";"ND";"30";"200";"ND";"ND";"ND";"5";"1000";"50";"30";"100";"< 5";"10";"100";"30";"ND";"50";"ND";"ND";"200";"ND";"30";"ND";"200";;;"< 0,05";"10";"0,1";"1"
37;"DBX319";"cartas_100M";-51.730001282;-3.671057805;"1511-AV-L-080";"Grande Carajás - Folha Altamira";"Solo";"Absorção Atômica - HNO3 a Quente";"SGB-CPRM - Rigeo";;;;;;;;;"2";;"65";;;;;"50";"< 5";;;;;;;;"35";;;;;;;
38;"DBX319";"cartas_100M";-51.730001282;-3.671057805;"1511-AV-L-080";"Grande Carajás - Folha Altamira";"Solo";"Colorimetria";"SGB-CPRM - Rigeo";;;;;;;;;;;;;;;;;;;;;;;"4";;;;;;;;;
39;"DBX319";"cartas_100M";-51.730001282;-3.671057805;"1511-AV-L-080";"Grande Carajás - Folha Altamira";"Solo";"Espectrografia Ótica de Emissão";"SGB-CPRM - Rigeo";"ND";"ND";"ND";"20";"100";"< 1";"ND";"ND";"5";"1000";"30";"20";"100";"ND";"< 10";"100";"20";"ND";"50";"ND";"ND";"500";"ND";"20";"ND";"150";;;"< 0,05";"10";"0,03";"1"
40;"DBX320";"cartas_100M";-51.731361316;-3.672889703;"1511-AV-L-081";"Grande Carajás - Folha Altamira";"Solo";"Absorção Atômica - HNO3 a Quente";"SGB-CPRM - Rigeo";;;;;;;;;"3";;"45";;;;;"28";"6";;;;;;;;"25";;;;;;;
41;"DBX320";"cartas_100M";-51.731361316;-3.672889703;"1511-AV-L-081";"Grande Carajás - Folha Altamira";"Solo";"Colorimetria";"SGB-CPRM - Rigeo";;;;;;;;;;;;;;;;;;;;;;;"ND";;;;;;;;;
42;"DBX320";"cartas_100M";-51.731361316;-3.672889703;"1511-AV-L-081";"Grande Carajás - Folha Altamira";"Solo";"Espectrografia Ótica de Emissão";"SGB-CPRM - Rigeo";"ND";"ND";"ND";"20";"200";"ND";"ND";"ND";"7";"1000";"50";"50";"50";"ND";"< 10";"100";"50";"ND";"50";"ND";"ND";"300";"ND";"20";"ND";"150";;;"< 0,05";"15";"0,1";"0,7"
43;"DBX321";"cartas_100M";-51.732268382;-3.674570323;"1511-AV-L-082";"Grande Carajás - Folha Altamira";"Solo";"Absorção Atômica - HNO3 a Quente";"SGB-CPRM - Rigeo";;;;;;;;;"4";;"30";;;;;"16";"6";;;;;;;;"21";;;;;;;
44;"DBX321";"cartas_100M";-51.732268382;-3.674570323;"1511-AV-L-082";"Grande Carajás - Folha Altamira";"Solo";"Colorimetria";"SGB-CPRM - Rigeo";;;;;;;;;;;;;;;;;;;;;;;"ND";;;;;;;;;
45;"DBX321";"cartas_100M";-51.732268382;-3.674570323;"1511-AV-L-082";"Grande Carajás - Folha Altamira";"Solo";"Espectrografia Ótica de Emissão";"SGB-CPRM - Rigeo";"ND";"ND";"ND";"70";"150";"< 1";"ND";"ND";"7";"200";"20";"20";"150";"ND";"< 10";"50";"10";"ND";"20";"ND";"ND";"200";"ND";"15";"ND";"100";;;"< 0,05";"7";"0,05";"1"
46;"DBX322";"cartas_100M";-51.733793021;-3.677008683;"1511-AV-L-083";"Grande Carajás - Folha Altamira";"Solo";"Absorção Atômica - HNO3 a Quente";"SGB-CPRM - Rigeo";;;;;;;;;"7";;"40";;;;;"6";"10";;;;;;;;"14";;;;;;;
47;"DBX322";"cartas_100M";-51.733793021;-3.677008683;"1511-AV-L-083";"Grande Carajás - Folha Altamira";"Solo";"Colorimetria";"SGB-CPRM - Rigeo";;;;;;;;;;;;;;;;;;;;;;;"8";;;;;;;;;
48;"DBX322";"cartas_100M";-51.733793021;-3.677008683;"1511-AV-L-083";"Grande Carajás - Folha Altamira";"Solo";"Espectrografia Ótica de Emissão";"SGB-CPRM - Rigeo";"ND";"500";"ND";"50";"200";"< 1";"ND";"ND";"10";"200";"50";"< 20";"200";"5";"< 10";"50";"15";"ND";"10";"ND";"ND";"150";"< 50";"10";"ND";"200";;;"< 0,05";"5";"0,1";"0,7"
49;"DBX323";"cartas_100M";-51.735153443;-3.679295524;"1511-AV-L-084";"Grande Carajás - Folha Altamira";"Solo";"Absorção Atômica - HNO3 a Quente";"SGB-CPRM - Rigeo";;;;;;;;;"1";;"45";;;;;"11";"8";;;;;;;;"13";;;;;;;
50;"DBX323";"cartas_100M";-51.735153443;-3.679295524;"1511-AV-L-084";"Grande Carajás - Folha Altamira";"Solo";"Colorimetria";"SGB-CPRM - Rigeo";;;;;;;;;;;;;;;;;;;;;;;"16";;;;;;;;;
51;"DBX323";"cartas_100M";-51.735153443;-3.679295524;"1511-AV-L-084";"Grande Carajás - Folha Altamira";"Solo";"Espectrografia Ótica de Emissão";"SGB-CPRM - Rigeo";"ND";"200";"ND";"10";"50";"1";"ND";"ND";"< 5";"500";"30";"30";"50";"< 5";"< 10";"50";"20";"ND";"20";"ND";"ND";"200";"< 50";"10";"ND";"200";;;"< 0,05";"10";"0,02";"0,7"
52;"DBX324";"cartas_100M";-51.736281057;-3.680762266;"1511-AV-L-085";"Grande Carajás - Folha Altamira";"Solo";"Absorção Atômica - HNO3 a Quente";"SGB-CPRM - Rigeo";;;;;;;;;"3";;"55";;;;;"30";"< 5";;;;;;;;"24";;;;;;;
53;"DBX324";"cartas_100M";-51.736281057;-3.680762266;"1511-AV-L-085";"Grande Carajás - Folha Altamira";"Solo";"Colorimetria";"SGB-CPRM - Rigeo";;;;;;;;;;;;;;;;;;;;;;;"24";;;;;;;;;
54;"DBX324";"cartas_100M";-51.736281057;-3.680762266;"1511-AV-L-085";"Grande Carajás - Folha Altamira";"Solo";"Espectrografia Ótica de Emissão";"SGB-CPRM - Rigeo";"ND";"1000";"ND";"30";"50";"< 1";"ND";"ND";"5";"700";"50";"20";"200";"5";"< 10";"100";"20";"ND";"50";"ND";"ND";"200";"< 50";"15";"ND";"150";;;"< 0,05";"15";"0,03";"1"
55;"DBX325";"cartas_100M";-51.814831932;-3.656962592;"1511-AV-L-086";"Grande Carajás - Folha Altamira";"Solo";"Absorção Atômica - HNO3 a Quente";"SGB-CPRM - Rigeo";;;;;;;;;"1";;"15";;;;;"4";"< 5";;;;;;;;"8";;;;;;;
56;"DBX325";"cartas_100M";-51.814831932;-3.656962592;"1511-AV-L-086";"Grande Carajás - Folha Altamira";"Solo";"Colorimetria";"SGB-CPRM - Rigeo";;;;;;;;;;;;;;;;;;;;;;;"4";;;;;;;;;
57;"DBX325";"cartas_100M";-51.814831932;-3.656962592;"1511-AV-L-086";"Grande Carajás - Folha Altamira";"Solo";"Espectrografia Ótica de Emissão";"SGB-CPRM - Rigeo";"ND";"ND";"ND";"20";"< 20";"ND";"ND";"ND";"5";"300";"10";"ND";"150";"ND";"10";"10";"10";"ND";"15";"ND";"ND";"200";"ND";"15";"ND";"200";;;"< 0,05";"15";"< 0,02";"> 1"
58;"DBX326";"cartas_100M";-51.814831932;-3.656962592;"1511-AV-L-087";"Grande Carajás - Folha Altamira";"Solo";"Absorção Atômica - HNO3 a Quente";"SGB-CPRM - Rigeo";;;;;;;;;"2";;"45";;;;;"22";"< 5";;;;;;;;"21";;;;;;;
59;"DBX326";"cartas_100M";-51.814831932;-3.656962592;"1511-AV-L-087";"Grande Carajás - Folha Altamira";"Solo";"Colorimetria";"SGB-CPRM - Rigeo";;;;;;;;;;;;;;;;;;;;;;;"ND";;;;;;;;;
60;"DBX326";"cartas_100M";-51.814831932;-3.656962592;"1511-AV-L-087";"Grande Carajás - Folha Altamira";"Solo";"Espectrografia Ótica de Emissão";"SGB-CPRM - Rigeo";"ND";"ND";"ND";"10";"< 20";"ND";"ND";"ND";"5";"300";"20";"ND";"150";"ND";"< 10";"50";"10";"ND";"20";"ND";"ND";"200";"ND";"15";"ND";"150";;;"< 0,05";"15";"0,02";"1"
61;"DBX327";"cartas_100M";-51.814187445;-3.655563312;"1511-AV-L-088";"Grande Carajás - Folha Altamira";"Solo";"Absorção Atômica - HNO3 a Quente";"SGB-CPRM - Rigeo";;;;;;;;;"3";;"80";;;;;"30";"< 5";;;;;;;;"23";;;;;;;
62;"DBX327";"cartas_100M";-51.814187445;-3.655563312;"1511-AV-L-088";"Grande Carajás - Folha Altamira";"Solo";"Colorimetria";"SGB-CPRM - Rigeo";;;;;;;;;;;;;;;;;;;;;;;"ND";;;;;;;;;
63;"DBX327";"cartas_100M";-51.814187445;-3.655563312;"1511-AV-L-088";"Grande Carajás - Folha Altamira";"Solo";"Espectrografia Ótica de Emissão";"SGB-CPRM - Rigeo";"ND";"ND";"ND";"< 10";"< 20";"ND";"ND";"ND";"7";"300";"50";"ND";"100";"ND";"< 10";"100";"15";"ND";"30";"ND";"ND";"200";"ND";"10";"ND";"70";;;"< 0,05";"15";"0,05";"0,5"
64;"DBX328";"cartas_100M";-51.813078499;-3.653949047;"1511-AV-L-089";"Grande Carajás - Folha Altamira";"Solo";"Absorção Atômica - HNO3 a Quente";"SGB-CPRM - Rigeo";;;;;;;;;"13";;"110";;;;;"55";"6";;;;;;;;"40";;;;;;;
65;"DBX328";"cartas_100M";-51.813078499;-3.653949047;"1511-AV-L-089";"Grande Carajás - Folha Altamira";"Solo";"Colorimetria";"SGB-CPRM - Rigeo";;;;;;;;;;;;;;;;;;;;;;;"ND";;;;;;;;;
66;"DBX328";"cartas_100M";-51.813078499;-3.653949047;"1511-AV-L-089";"Grande Carajás - Folha Altamira";"Solo";"Espectrografia Ótica de Emissão";"SGB-CPRM - Rigeo";"ND";"ND";"ND";"< 10";"< 20";"ND";"ND";"ND";"20";"150";"100";"ND";"1000";"ND";"< 10";"100";"10";"ND";"50";"ND";"ND";"300";"ND";"10";"ND";"150";;;"< 0,05";"15";"0,03";"1"
67;"DBX329";"cartas_100M";-51.812004879;-3.652191139;"1511-AV-L-090";"Grande Carajás - Folha Altamira";"Solo";"Absorção Atômica - HNO3 a Quente";"SGB-CPRM - Rigeo";;;;;;;;;"20";;"110";;;;;"55";"< 5";;;;;;;;"50";;;;;;;
68;"DBX329";"cartas_100M";-51.812004879;-3.652191139;"1511-AV-L-090";"Grande Carajás - Folha Altamira";"Solo";"Colorimetria";"SGB-CPRM - Rigeo";;;;;;;;;;;;;;;;;;;;;;;"ND";;;;;;;;;
69;"DBX329";"cartas_100M";-51.812004879;-3.652191139;"1511-AV-L-090";"Grande Carajás - Folha Altamira";"Solo";"Espectrografia Ótica de Emissão";"SGB-CPRM - Rigeo";"ND";"ND";"ND";"15";"30";"ND";"ND";"ND";"30";"100";"70";"20";"1500";"ND";"< 10";"100";"15";"ND";"50";"ND";"ND";"200";"ND";"15";"ND";"100";;;"< 0,05";"15";"0,05";"0,7"
70;"DBX330";"cartas_100M";-51.811467697;-3.650576349;"1511-AV-L-091";"Grande Carajás - Folha Altamira";"Solo";"Absorção Atômica - HNO3 a Quente";"SGB-CPRM - Rigeo";;;;;;;;;"1";;"75";;;;;"20";"< 5";;;;;;;;"19";;;;;;;
71;"DBX330";"cartas_100M";-51.811467697;-3.650576349;"1511-AV-L-091";"Grande Carajás - Folha Altamira";"Solo";"Colorimetria";"SGB-CPRM - Rigeo";;;;;;;;;;;;;;;;;;;;;;;"ND";;;;;;;;;
72;"DBX330";"cartas_100M";-51.811467697;-3.650576349;"1511-AV-L-091";"Grande Carajás - Folha Altamira";"Solo";"Espectrografia Ótica de Emissão";"SGB-CPRM - Rigeo";"ND";"ND";"ND";"30";"100";"ND";"ND";"ND";"7";"150";"70";"ND";"150";"ND";"< 10";"70";"10";"ND";"30";"ND";"ND";"500";"ND";"10";"ND";"100";;;"< 0,05";"10";"0,05";"1"
73;"DBX331";"cartas_100M";-51.810465618;-3.648890177;"1511-AV-L-092";"Grande Carajás - Folha Altamira";"Solo";"Absorção Atômica - HNO3 a Quente";"SGB-CPRM - Rigeo";;;;;;;;;"2";;"60";;;;;"17";"< 5";;;;;;;;"18";;;;;;;
74;"DBX331";"cartas_100M";-51.810465618;-3.648890177;"1511-AV-L-092";"Grande Carajás - Folha Altamira";"Solo";"Colorimetria";"SGB-CPRM - Rigeo";;;;;;;;;;;;;;;;;;;;;;;"ND";;;;;;;;;
75;"DBX331";"cartas_100M";-51.810465618;-3.648890177;"1511-AV-L-092";"Grande Carajás - Folha Altamira";"Solo";"Espectrografia Ótica de Emissão";"SGB-CPRM - Rigeo";"ND";"ND";"ND";"50";"50";"ND";"ND";"ND";"7";"100";"30";"< 20";"200";"ND";"< 10";"50";"< 10";"ND";"30";"ND";"ND";"300";"ND";"10";"ND";"100";;;"< 0,05";"15";"0,03";"0,7"
76;"DBX332";"cartas_100M";-51.809428159;-3.647275838;"1511-AV-L-093";"Grande Carajás - Folha Altamira";"Solo";"Absorção Atômica - HNO3 a Quente";"SGB-CPRM - Rigeo";;;;;;;;;"2";;"80";;;;;"23";"< 5";;;;;;;;"23";;;;;;;
77;"DBX332";"cartas_100M";-51.809428159;-3.647275838;"1511-AV-L-093";"Grande Carajás - Folha Altamira";"Solo";"Colorimetria";"SGB-CPRM - Rigeo";;;;;;;;;;;;;;;;;;;;;;;"ND";;;;;;;;;
78;"DBX332";"cartas_100M";-51.809428159;-3.647275838;"1511-AV-L-093";"Grande Carajás - Folha Altamira";"Solo";"Espectrografia Ótica de Emissão";"SGB-CPRM - Rigeo";"ND";"ND";"ND";"50";"150";"ND";"ND";"ND";"7";"100";"50";"< 20";"100";"ND";"< 10";"70";"10";"ND";"50";"ND";"ND";"500";"ND";"30";"ND";"100";;;"< 0,05";"15";"0,03";"0,7"
79;"DBX333";"cartas_100M";-51.808211362;-3.645230839;"1511-AV-L-094";"Grande Carajás - Folha Altamira";"Solo";"Absorção Atômica - HNO3 a Quente";"SGB-CPRM - Rigeo";;;;;;;;;"1";;"45";;;;;"4";"6";;;;;;;;"16";;;;;;;
80;"DBX333";"cartas_100M";-51.808211362;-3.645230839;"1511-AV-L-094";"Grande Carajás - Folha Altamira";"Solo";"Colorimetria";"SGB-CPRM - Rigeo";;;;;;;;;;;;;;;;;;;;;;;"ND";;;;;;;;;
81;"DBX333";"cartas_100M";-51.808211362;-3.645230839;"1511-AV-L-094";"Grande Carajás - Folha Altamira";"Solo";"Espectrografia Ótica de Emissão";"SGB-CPRM - Rigeo";"0,5";"ND";"ND";"100";"150";"ND";"ND";"ND";"7";"70";"20";"20";"100";"ND";"< 10";"20";"20";"ND";"50";"ND";"ND";"300";"ND";"70";"ND";"150";;;"< 0,05";"10";"0,1";"> 1"
82;"DBX334";"cartas_100M";-51.807459467;-3.643257224;"1511-AV-L-095";"Grande Carajás - Folha Altamira";"Solo";"Absorção Atômica - HNO3 a Quente";"SGB-CPRM - Rigeo";;;;;;;;;"1";;"45";;;;;"6";"8";;;;;;;;"18";;;;;;;
83;"DBX334";"cartas_100M";-51.807459467;-3.643257224;"1511-AV-L-095";"Grande Carajás - Folha Altamira";"Solo";"Colorimetria";"SGB-CPRM - Rigeo";;;;;;;;;;;;;;;;;;;;;;;"ND";;;;;;;;;
84;"DBX334";"cartas_100M";-51.807459467;-3.643257224;"1511-AV-L-095";"Grande Carajás - Folha Altamira";"Solo";"Espectrografia Ótica de Emissão";"SGB-CPRM - Rigeo";"ND";"ND";"ND";"50";"200";"ND";"ND";"ND";"5";"100";"20";"20";"100";"ND";"< 10";"20";"20";"ND";"30";"ND";"ND";"300";"ND";"30";"ND";"100";;;"< 0,05";"10";"0,1";"1"
85;"DBX335";"cartas_100M";-51.805741635;-3.640351036;"1511-AV-L-096";"Grande Carajás - Folha Altamira";"Solo";"Absorção Atômica - HNO3 a Quente";"SGB-CPRM - Rigeo";;;;;;;;;"ND";;"16";;;;;"5";"22";;;;;;;;"16";;;;;;;
86;"DBX335";"cartas_100M";-51.805741635;-3.640351036;"1511-AV-L-096";"Grande Carajás - Folha Altamira";"Solo";"Colorimetria";"SGB-CPRM - Rigeo";;;;;;;;;;;;;;;;;;;;;;;"4";;;;;;;;;
87;"DBX335";"cartas_100M";-51.805741635;-3.640351036;"1511-AV-L-096";"Grande Carajás - Folha Altamira";"Solo";"Espectrografia Ótica de Emissão";"SGB-CPRM - Rigeo";"< 0,5";"ND";"ND";"70";"300";"< 1";"ND";"ND";"< 5";"150";"15";"70";"30";"< 5";"10";"20";"70";"ND";"20";"20";"100";"200";"ND";"30";"ND";"150";;;"< 0,05";"10";"0,2";"1"
88;"DBX336";"cartas_100M";-51.804703879;-3.638377672;"1511-AV-L-097";"Grande Carajás - Folha Altamira";"Solo";"Absorção Atômica - HNO3 a Quente";"SGB-CPRM - Rigeo";;;;;;;;;"1";;"35";;;;;"20";"10";;;;;;;;"17";;;;;;;
89;"DBX336";"cartas_100M";-51.804703879;-3.638377672;"1511-AV-L-097";"Grande Carajás - Folha Altamira";"Solo";"Colorimetria";"SGB-CPRM - Rigeo";;;;;;;;;;;;;;;;;;;;;;;"ND";;;;;;;;;
90;"DBX336";"cartas_100M";-51.804703879;-3.638377672;"1511-AV-L-097";"Grande Carajás - Folha Altamira";"Solo";"Espectrografia Ótica de Emissão";"SGB-CPRM - Rigeo";"ND";"< 200";"ND";"50";"200";"ND";"ND";"ND";"< 5";"500";"20";"70";"50";"< 5";"< 10";"50";"20";"ND";"20";"ND";"ND";"200";"ND";"20";"ND";"150";;;"< 0,05";"10";"0,1";"1"
91;"DBX337";"cartas_100M";-51.803558574;-3.636332598;"1511-AV-L-098";"Grande Carajás - Folha Altamira";"Solo";"Absorção Atômica - HNO3 a Quente";"SGB-CPRM - Rigeo";;;;;;;;;"2";;"45";;;;;"35";"6";;;;;;;;"24";;;;;;;
92;"DBX337";"cartas_100M";-51.803558574;-3.636332598;"1511-AV-L-098";"Grande Carajás - Folha Altamira";"Solo";"Colorimetria";"SGB-CPRM - Rigeo";;;;;;;;;;;;;;;;;;;;;;;"ND";;;;;;;;;
93;"DBX337";"cartas_100M";-51.803558574;-3.636332598;"1511-AV-L-098";"Grande Carajás - Folha Altamira";"Solo";"Espectrografia Ótica de Emissão";"SGB-CPRM - Rigeo";"ND";"ND";"ND";"20";"70";"< 1";"ND";"ND";"< 5";"300";"30";"20";"150";"< 5";"< 10";"50";"10";"ND";"20";"ND";"ND";"200";"ND";"10";"ND";"100";;;"< 0,05";"10";"0,03";"1"
94;"DBX338";"cartas_100M";-51.802449899;-3.634969332;"1511-AV-L-099";"Grande Carajás - Folha Altamira";"Solo";"Absorção Atômica - HNO3 a Quente";"SGB-CPRM - Rigeo";;;;;;;;;"1";;"28";;;;;"18";"< 5";;;;;;;;"16";;;;;;;
95;"DBX338";"cartas_100M";-51.802449899;-3.634969332;"1511-AV-L-099";"Grande Carajás - Folha Altamira";"Solo";"Colorimetria";"SGB-CPRM - Rigeo";;;;;;;;;;;;;;;;;;;;;;;"4";;;;;;;;;
96;"DBX338";"cartas_100M";-51.802449899;-3.634969332;"1511-AV-L-099";"Grande Carajás - Folha Altamira";"Solo";"Espectrografia Ótica de Emissão";"SGB-CPRM - Rigeo";"ND";"ND";"ND";"30";"100";"< 1";"ND";"ND";"< 5";"300";"20";"20";"150";"< 5";"< 10";"50";"15";"ND";"20";"ND";"ND";"200";"ND";"10";"ND";"150";;;"< 0,05";"10";"0,05";"1"
97;"DBX339";"cartas_100M";-51.772294864;-3.635648182;"1511-AV-L-100";"Grande Carajás - Folha Altamira";"Solo";"Absorção Atômica - HNO3 a Quente";"SGB-CPRM - Rigeo";;;;;;;;;"80";;"120";;;;;"70";"8";;;;;;;;"60";;;;;;;
98;"DBX339";"cartas_100M";-51.772294864;-3.635648182;"1511-AV-L-100";"Grande Carajás - Folha Altamira";"Solo";"Colorimetria";"SGB-CPRM - Rigeo";;;;;;;;;;;;;;;;;;;;;;;"ND";;;;;;;;;
99;"DBX339";"cartas_100M";-51.772294864;-3.635648182;"1511-AV-L-100";"Grande Carajás - Folha Altamira";"Solo";"Espectrografia Ótica de Emissão";"SGB-CPRM - Rigeo";"ND";"ND";"ND";"< 10";"70";"ND";"ND";"ND";"100";"200";"100";"< 20";"2000";"ND";"< 10";"100";"10";"ND";"50";"10";"ND";"200";"ND";"20";"ND";"150";;;"0,05";"15";"0,15";"1"
100;"DBX340";"cartas_100M";-51.772439624;-3.637790484;"1511-AV-L-101";"Grande Carajás - Folha Altamira";"Solo";"Absorção Atômica - HNO3 a Quente";"SGB-CPRM - Rigeo";;;;;;;;;"80";;"120";;;;;"370";"< 5";;;;;;;;"90";;;;;;;
101;"DBX340";"cartas_100M";-51.772439624;-3.637790484;"1511-AV-L-101";"Grande Carajás - Folha Altamira";"Solo";"Colorimetria";"SGB-CPRM - Rigeo";;;;;;;;;;;;;;;;;;;;;;;"ND";;;;;;;;;
102;"DBX340";"cartas_100M";-51.772439624;-3.637790484;"1511-AV-L-101";"Grande Carajás - Folha Altamira";"Solo";"Espectrografia Ótica de Emissão";"SGB-CPRM - Rigeo";"ND";"ND";"ND";"< 10";"150";"ND";"ND";"ND";"150";"1500";"100";"ND";"1000";"ND";"< 10";"700";"< 10";"ND";"50";"ND";"ND";"100";"ND";"20";"200";"100";;;"2";"15";"5";"0,2"
103;"DBX341";"cartas_100M";-51.772584632;-3.64022;"1511-AV-L-102";"Grande Carajás - Folha Altamira";"Solo";"Absorção Atômica - HNO3 a Quente";"SGB-CPRM - Rigeo";;;;;;;;;"65";;"170";;;;;"100";"8";;;;;;;;"160";;;;;;;
104;"DBX341";"cartas_100M";-51.772584632;-3.64022;"1511-AV-L-102";"Grande Carajás - Folha Altamira";"Solo";"Colorimetria";"SGB-CPRM - Rigeo";;;;;;;;;;;;;;;;;;;;;;;"ND";;;;;;;;;
105;"DBX341";"cartas_100M";-51.772584632;-3.64022;"1511-AV-L-102";"Grande Carajás - Folha Altamira";"Solo";"Espectrografia Ótica de Emissão";"SGB-CPRM - Rigeo";"ND";"ND";"ND";"< 10";"500";"ND";"ND";"ND";"50";"200";"100";"< 20";"2000";"ND";"< 10";"150";"< 10";"ND";"50";"ND";"ND";"300";"ND";"50";"200";"70";;;"0,1";"15";"0,2";"0,7"
106;"DBX342";"cartas_100M";-51.772584632;-3.64022;"1511-AV-L-103";"Grande Carajás - Folha Altamira";"Solo";"Absorção Atômica - HNO3 a Quente";"SGB-CPRM - Rigeo";;;;;;;;;"26";;"120";;;;;"50";"8";;;;;;;;"30";;;;;;;
107;"DBX342";"cartas_100M";-51.772584632;-3.64022;"1511-AV-L-103";"Grande Carajás - Folha Altamira";"Solo";"Colorimetria";"SGB-CPRM - Rigeo";;;;;;;;;;;;;;;;;;;;;;;"ND";;;;;;;;;
108;"DBX342";"cartas_100M";-51.772584632;-3.64022;"1511-AV-L-103";"Grande Carajás - Folha Altamira";"Solo";"Espectrografia Ótica de Emissão";"SGB-CPRM - Rigeo";"ND";"ND";"ND";"50";"150";"ND";"ND";"ND";"20";"200";"100";"ND";"2000";"ND";"< 10";"100";"15";"ND";"30";"ND";"ND";"300";"ND";"10";"ND";"100";;;"< 0,05";"15";"0,05";"0,7"
109;"DBX343";"cartas_100M";-51.772729559;-3.642553776;"1511-AV-L-104";"Grande Carajás - Folha Altamira";"Solo";"Absorção Atômica - HNO3 a Quente";"SGB-CPRM - Rigeo";;;;;;;;;"4";;"75";;;;;"30";"< 5";;;;;;;;"30";;;;;;;
110;"DBX343";"cartas_100M";-51.772729559;-3.642553776;"1511-AV-L-104";"Grande Carajás - Folha Altamira";"Solo";"Colorimetria";"SGB-CPRM - Rigeo";;;;;;;;;;;;;;;;;;;;;;;"ND";;;;;;;;;
111;"DBX343";"cartas_100M";-51.772729559;-3.642553776;"1511-AV-L-104";"Grande Carajás - Folha Altamira";"Solo";"Espectrografia Ótica de Emissão";"SGB-CPRM - Rigeo";"ND";"ND";"ND";"100";"50";"ND";"ND";"ND";"7";"150";"70";"< 20";"100";"ND";"< 10";"70";"15";"ND";"30";"30";"ND";"500";"ND";"50";"ND";"100";;;"< 0,05";"15";"0,05";"1"
112;"DBX344";"cartas_100M";-51.772826882;-3.644935463;"1511-AV-L-105";"Grande Carajás - Folha Altamira";"Solo";"Absorção Atômica - HNO3 a Quente";"SGB-CPRM - Rigeo";;;;;;;;;"3";;"70";;;;;"40";"8";;;;;;;;"30";;;;;;;
113;"DBX344";"cartas_100M";-51.772826882;-3.644935463;"1511-AV-L-105";"Grande Carajás - Folha Altamira";"Solo";"Colorimetria";"SGB-CPRM - Rigeo";;;;;;;;;;;;;;;;;;;;;;;"4";;;;;;;;;
114;"DBX344";"cartas_100M";-51.772826882;-3.644935463;"1511-AV-L-105";"Grande Carajás - Folha Altamira";"Solo";"Espectrografia Ótica de Emissão";"SGB-CPRM - Rigeo";"ND";"ND";"ND";"10";"100";"< 1";"ND";"ND";"5";"1000";"70";"50";"100";"ND";"< 10";"100";"15";"ND";"30";"ND";"ND";"300";"ND";"20";"ND";"150";;;"< 0,05";"20";"0,02";"1"
115;"DBX345";"cartas_100M";-51.77311463;-3.647125509;"1511-AV-L-106";"Grande Carajás - Folha Altamira";"Solo";"Absorção Atômica - HNO3 a Quente";"SGB-CPRM - Rigeo";;;;;;;;;"3";;"55";;;;;"16";"< 5";;;;;;;;"22";;;;;;;
116;"DBX345";"cartas_100M";-51.77311463;-3.647125509;"1511-AV-L-106";"Grande Carajás - Folha Altamira";"Solo";"Colorimetria";"SGB-CPRM - Rigeo";;;;;;;;;;;;;;;;;;;;;;;"ND";;;;;;;;;
117;"DBX345";"cartas_100M";-51.77311463;-3.647125509;"1511-AV-L-106";"Grande Carajás - Folha Altamira";"Solo";"Espectrografia Ótica de Emissão";"SGB-CPRM - Rigeo";"ND";"ND";"ND";"50";"150";"ND";"ND";"ND";"7";"200";"50";"20";"100";"ND";"< 10";"50";"10";"ND";"30";"ND";"ND";"300";"ND";"30";"ND";"200";;;"< 0,05";"15";"0,03";"1"
118;"DBX346";"cartas_100M";-51.772973931;-3.649746746;"1511-AV-L-107";"Grande Carajás - Folha Altamira";"Solo";"Absorção Atômica - HNO3 a Quente";"SGB-CPRM - Rigeo";;;;;;;;;"ND";;"10";;;;;"4";"8";;;;;;;;"5";;;;;;;
119;"DBX346";"cartas_100M";-51.772973931;-3.649746746;"1511-AV-L-107";"Grande Carajás - Folha Altamira";"Solo";"Colorimetria";"SGB-CPRM - Rigeo";;;;;;;;;;;;;;;;;;;;;;;"ND";;;;;;;;;
120;"DBX346";"cartas_100M";-51.772973931;-3.649746746;"1511-AV-L-107";"Grande Carajás - Folha Altamira";"Solo";"Espectrografia Ótica de Emissão";"SGB-CPRM - Rigeo";"ND";"ND";"ND";"150";"200";"< 1";"ND";"ND";"< 5";"200";"10";"20";"100";"< 5";"10";"20";"10";"ND";"10";"ND";"ND";"100";"< 50";"20";"ND";"300";;;"< 0,05";"2";"0,1";"> 1"
121;"DBX347";"cartas_100M";-51.773404992;-3.652367489;"1511-AV-L-108";"Grande Carajás - Folha Altamira";"Solo";"Absorção Atômica - HNO3 a Quente";"SGB-CPRM - Rigeo";;;;;;;;;"2";;"35";;;;;"10";"8";;;;;;;;"21";;;;;;;
122;"DBX347";"cartas_100M";-51.773404992;-3.652367489;"1511-AV-L-108";"Grande Carajás - Folha Altamira";"Solo";"Colorimetria";"SGB-CPRM - Rigeo";;;;;;;;;;;;;;;;;;;;;;;"4";;;;;;;;;
123;"DBX347";"cartas_100M";-51.773404992;-3.652367489;"1511-AV-L-108";"Grande Carajás - Folha Altamira";"Solo";"Espectrografia Ótica de Emissão";"SGB-CPRM - Rigeo";"ND";"ND";"ND";"100";"200";"< 1";"ND";"ND";"5";"100";"20";"20";"100";"ND";"10";"30";"20";"ND";"20";"ND";"ND";"500";"< 50";"50";"ND";"200";;;"< 0,05";"15";"0,1";"1"
124;"DBX348";"cartas_100M";-51.773263436;-3.653983477;"1511-AV-L-109";"Grande Carajás - Folha Altamira";"Solo";"Absorção Atômica - HNO3 a Quente";"SGB-CPRM - Rigeo";;;;;;;;;"5";;"100";;;;;"80";"12";;;;;;;;"40";;;;;;;
125;"DBX348";"cartas_100M";-51.773263436;-3.653983477;"1511-AV-L-109";"Grande Carajás - Folha Altamira";"Solo";"Colorimetria";"SGB-CPRM - Rigeo";;;;;;;;;;;;;;;;;;;;;;;"4";;;;;;;;;
126;"DBX348";"cartas_100M";-51.773263436;-3.653983477;"1511-AV-L-109";"Grande Carajás - Folha Altamira";"Solo";"Espectrografia Ótica de Emissão";"SGB-CPRM - Rigeo";"ND";"200";"ND";"10";"30";"< 1";"ND";"ND";"10";"1000";"70";"20";"200";"ND";"< 10";"100";"15";"ND";"30";"ND";"ND";"500";"ND";"20";"ND";"100";;;"< 0,05";"15";"0,02";"1"
127;"DBX349";"cartas_100M";-51.773407759;-3.655599218;"1511-AV-L-110";"Grande Carajás - Folha Altamira";"Solo";"Absorção Atômica - HNO3 a Quente";"SGB-CPRM - Rigeo";;;;;;;;;"1";;"50";;;;;"18";"20";;;;;;;;"27";;;;;;;
128;"DBX349";"cartas_100M";-51.773407759;-3.655599218;"1511-AV-L-110";"Grande Carajás - Folha Altamira";"Solo";"Colorimetria";"SGB-CPRM - Rigeo";;;;;;;;;;;;;;;;;;;;;;;"8";;;;;;;;;
129;"DBX349";"cartas_100M";-51.773407759;-3.655599218;"1511-AV-L-110";"Grande Carajás - Folha Altamira";"Solo";"Espectrografia Ótica de Emissão";"SGB-CPRM - Rigeo";"ND";"ND";"ND";"< 10";"30";"< 1";"ND";"ND";"< 5";"200";"50";"20";"150";"ND";"< 10";"20";"100";"ND";"30";"10";"ND";"300";"< 50";"10";"ND";"100";;;"< 0,05";"15";"0,02";"0,7"
130;"DBX350";"cartas_100M";-51.772980569;-3.657502666;"1511-AV-L-111";"Grande Carajás - Folha Altamira";"Solo";"Absorção Atômica - HNO3 a Quente";"SGB-CPRM - Rigeo";;;;;;;;;"ND";;"5";;;;;"ND";"8";;;;;;;;"5";;;;;;;
131;"DBX350";"cartas_100M";-51.772980569;-3.657502666;"1511-AV-L-111";"Grande Carajás - Folha Altamira";"Solo";"Colorimetria";"SGB-CPRM - Rigeo";;;;;;;;;;;;;;;;;;;;;;;"4";;;;;;;;;
132;"DBX350";"cartas_100M";-51.772980569;-3.657502666;"1511-AV-L-111";"Grande Carajás - Folha Altamira";"Solo";"Espectrografia Ótica de Emissão";"SGB-CPRM - Rigeo";"ND";"ND";"ND";"< 10";"30";"< 1";"ND";"ND";"< 5";"30";"7";"< 20";"50";"< 5";"< 10";"5";"10";"ND";"5";"< 10";"ND";"20";"< 50";"10";"ND";"300";;;"< 0,05";"2";"0,05";"0,3"
133;"DBX351";"cartas_100M";-51.773268204;-3.659549104;"1511-AV-L-112";"Grande Carajás - Folha Altamira";"Solo";"Absorção Atômica - HNO3 a Quente";"SGB-CPRM - Rigeo";;;;;;;;;"ND";;"3";;;;;"ND";"6";;;;;;;;"5";;;;;;;
134;"DBX351";"cartas_100M";-51.773268204;-3.659549104;"1511-AV-L-112";"Grande Carajás - Folha Altamira";"Solo";"Colorimetria";"SGB-CPRM - Rigeo";;;;;;;;;;;;;;;;;;;;;;;"4";;;;;;;;;
135;"DBX351";"cartas_100M";-51.773268204;-3.659549104;"1511-AV-L-112";"Grande Carajás - Folha Altamira";"Solo";"Espectrografia Ótica de Emissão";"SGB-CPRM - Rigeo";"ND";"ND";"ND";"< 10";"30";"ND";"ND";"ND";"< 5";"10";"< 5";"ND";"70";"ND";"< 10";"< 5";"< 10";"ND";"ND";"ND";"ND";"20";"ND";"< 10";"ND";"200";;;"< 0,05";"1";"0,02";"0,3"
136;"DBX352";"cartas_100M";-51.7734129;-3.661595665;"1511-AV-L-113";"Grande Carajás - Folha Altamira";"Solo";"Absorção Atômica - HNO3 a Quente";"SGB-CPRM - Rigeo";;;;;;;;;"ND";;"3";;;;;"ND";"6";;;;;;;;"6";;;;;;;
137;"DBX352";"cartas_100M";-51.7734129;-3.661595665;"1511-AV-L-113";"Grande Carajás - Folha Altamira";"Solo";"Colorimetria";"SGB-CPRM - Rigeo";;;;;;;;;;;;;;;;;;;;;;;"8";;;;;;;;;
138;"DBX352";"cartas_100M";-51.7734129;-3.661595665;"1511-AV-L-113";"Grande Carajás - Folha Altamira";"Solo";"Espectrografia Ótica de Emissão";"SGB-CPRM - Rigeo";"< 0,5";"ND";"ND";"< 10";"50";"< 1";"ND";"ND";"ND";"20";"5";"ND";"50";"ND";"< 10";"< 5";"< 10";"ND";"ND";"< 10";"ND";"15";"< 50";"< 10";"ND";"300";;;"< 0,05";"0,7";"0,05";"0,5"
139;"DBX353";"cartas_100M";-51.773414534;-3.663498743;"1511-AV-L-114";"Grande Carajás - Folha Altamira";"Solo";"Absorção Atômica - HNO3 a Quente";"SGB-CPRM - Rigeo";;;;;;;;;"ND";;"3";;;;;"ND";"6";;;;;;;;"4";;;;;;;
140;"DBX353";"cartas_100M";-51.773414534;-3.663498743;"1511-AV-L-114";"Grande Carajás - Folha Altamira";"Solo";"Colorimetria";"SGB-CPRM - Rigeo";;;;;;;;;;;;;;;;;;;;;;;"4";;;;;;;;;
141;"DBX353";"cartas_100M";-51.773414534;-3.663498743;"1511-AV-L-114";"Grande Carajás - Folha Altamira";"Solo";"Espectrografia Ótica de Emissão";"SGB-CPRM - Rigeo";"ND";"ND";"ND";"< 10";"30";"< 1";"ND";"ND";"ND";"10";"< 5";"ND";"50";"ND";"< 10";"ND";"< 10";"ND";"ND";"ND";"ND";"10";"ND";"< 10";"ND";"200";;;"< 0,05";"0,7";"0,03";"0,2"
142;"DBX354";"cartas_100M";-51.773701642;-3.664922885;"1511-AV-L-115";"Grande Carajás - Folha Altamira";"Solo";"Absorção Atômica - HNO3 a Quente";"SGB-CPRM - Rigeo";;;;;;;;;"ND";;"5";;;;;"ND";"6";;;;;;;;"6";;;;;;;
143;"DBX354";"cartas_100M";-51.773701642;-3.664922885;"1511-AV-L-115";"Grande Carajás - Folha Altamira";"Solo";"Colorimetria";"SGB-CPRM - Rigeo";;;;;;;;;;;;;;;;;;;;;;;"8";;;;;;;;;
144;"DBX354";"cartas_100M";-51.773701642;-3.664922885;"1511-AV-L-115";"Grande Carajás - Folha Altamira";"Solo";"Espectrografia Ótica de Emissão";"SGB-CPRM - Rigeo";"ND";"ND";"ND";"< 10";"< 20";"< 1";"ND";"ND";"ND";"10";"< 5";"ND";"30";"ND";"< 10";"< 5";"< 10";"ND";"ND";"ND";"ND";"20";"< 50";"< 10";"ND";"200";;;"< 0,05";"0,7";"0,02";"0,2"
145;"DBX355";"cartas_100M";-51.773798118;-3.666299321;"1511-AV-L-116";"Grande Carajás - Folha Altamira";"Solo";"Absorção Atômica - HNO3 a Quente";"SGB-CPRM - Rigeo";;;;;;;;;"ND";;"3";;;;;"ND";"6";;;;;;;;"4";;;;;;;
146;"DBX355";"cartas_100M";-51.773798118;-3.666299321;"1511-AV-L-116";"Grande Carajás - Folha Altamira";"Solo";"Colorimetria";"SGB-CPRM - Rigeo";;;;;;;;;;;;;;;;;;;;;;;"4";;;;;;;;;
147;"DBX355";"cartas_100M";-51.773798118;-3.666299321;"1511-AV-L-116";"Grande Carajás - Folha Altamira";"Solo";"Espectrografia Ótica de Emissão";"SGB-CPRM - Rigeo";"ND";"ND";"ND";"< 10";"20";"< 1";"ND";"ND";"ND";"10";"< 5";"ND";"30";"ND";"< 10";"ND";"< 10";"ND";"ND";"ND";"ND";"15";"ND";"< 10";"ND";"200";;;"< 0,05";"0,5";"< 0,02";"0,2"
148;"DBX356";"cartas_100M";-51.773895009;-3.668154447;"1511-AV-L-117";"Grande Carajás - Folha Altamira";"Solo";"Absorção Atômica - HNO3 a Quente";"SGB-CPRM - Rigeo";;;;;;;;;"ND";;"5";;;;;"ND";"8";;;;;;;;"9";;;;;;;
149;"DBX356";"cartas_100M";-51.773895009;-3.668154447;"1511-AV-L-117";"Grande Carajás - Folha Altamira";"Solo";"Colorimetria";"SGB-CPRM - Rigeo";;;;;;;;;;;;;;;;;;;;;;;"8";;;;;;;;;
150;"DBX356";"cartas_100M";-51.773895009;-3.668154447;"1511-AV-L-117";"Grande Carajás - Folha Altamira";"Solo";"Espectrografia Ótica de Emissão";"SGB-CPRM - Rigeo";"ND";"ND";"ND";"< 10";"30";"< 1";"ND";"ND";"< 5";"20";"5";"20";"30";"ND";"10";"< 5";"15";"ND";"5";"10";"ND";"50";"< 50";"10";"ND";"200";;;"< 0,05";"3";"0,02";"0,3"
151;"DBX357";"cartas_100M";-51.773801639;-3.67039269;"1511-AV-L-118";"Grande Carajás - Folha Altamira";"Solo";"Absorção Atômica - HNO3 a Quente";"SGB-CPRM - Rigeo";;;;;;;;;"ND";;"4";;;;;"ND";"6";;;;;;;;"9";;;;;;;
152;"DBX357";"cartas_100M";-51.773801639;-3.67039269;"1511-AV-L-118";"Grande Carajás - Folha Altamira";"Solo";"Colorimetria";"SGB-CPRM - Rigeo";;;;;;;;;;;;;;;;;;;;;;;"4";;;;;;;;;
153;"DBX357";"cartas_100M";-51.773801639;-3.67039269;"1511-AV-L-118";"Grande Carajás - Folha Altamira";"Solo";"Espectrografia Ótica de Emissão";"SGB-CPRM - Rigeo";"ND";"ND";"ND";"< 10";"50";"< 1";"ND";"ND";"< 5";"10";"5";"20";"20";"ND";"< 10";"< 5";"20";"ND";"5";"< 10";"ND";"30";"< 50";"< 10";"ND";"300";;;"< 0,05";"2";"0,02";"0,3"
154;"DBX358";"cartas_100M";-51.77418516;-3.673109207;"1511-AV-L-119";"Grande Carajás - Folha Altamira";"Solo";"Absorção Atômica - HNO3 a Quente";"SGB-CPRM - Rigeo";;;;;;;;;"ND";;"5";;;;;"ND";"6";;;;;;;;"11";;;;;;;
155;"DBX358";"cartas_100M";-51.77418516;-3.673109207;"1511-AV-L-119";"Grande Carajás - Folha Altamira";"Solo";"Colorimetria";"SGB-CPRM - Rigeo";;;;;;;;;;;;;;;;;;;;;;;"4";;;;;;;;;
156;"DBX358";"cartas_100M";-51.77418516;-3.673109207;"1511-AV-L-119";"Grande Carajás - Folha Altamira";"Solo";"Espectrografia Ótica de Emissão";"SGB-CPRM - Rigeo";"ND";"ND";"ND";"< 10";"50";"< 1";"ND";"ND";"< 5";"10";"5";"< 20";"100";"ND";"< 10";"< 5";"10";"ND";"5";"< 10";"ND";"30";"< 50";"< 10";"ND";"500";;;"< 0,05";"2";"0,03";"0,3"
157;"DBX359";"cartas_100M";-51.744775232;-3.59824762;"1511-AV-L-120";"Grande Carajás - Folha Altamira";"Solo";"Absorção Atômica - HNO3 a Quente";"SGB-CPRM - Rigeo";;;;;;;;;"ND";;"23";;;;;"16";"10";;;;;;;;"11";;;;;;;
158;"DBX359";"cartas_100M";-51.744775232;-3.59824762;"1511-AV-L-120";"Grande Carajás - Folha Altamira";"Solo";"Colorimetria";"SGB-CPRM - Rigeo";;;;;;;;;;;;;;;;;;;;;;;"8";;;;;;;;;
159;"DBX359";"cartas_100M";-51.744775232;-3.59824762;"1511-AV-L-120";"Grande Carajás - Folha Altamira";"Solo";"Espectrografia Ótica de Emissão";"SGB-CPRM - Rigeo";"ND";"ND";"ND";"300";"150";"< 1";"ND";"ND";"5";"200";"20";"30";"100";"5";"< 10";"50";"< 10";"ND";"15";"10";"ND";"100";"< 50";"10";"ND";"150";;;"< 0,05";"5";"0,05";"0,7"
160;"DBX360";"cartas_100M";-51.746239067;-3.597097555;"1511-AV-L-121";"Grande Carajás - Folha Altamira";"Solo";"Absorção Atômica - HNO3 a Quente";"SGB-CPRM - Rigeo";;;;;;;;;"ND";;"17";;;;;"12";"10";;;;;;;;"9";;;;;;;
161;"DBX360";"cartas_100M";-51.746239067;-3.597097555;"1511-AV-L-121";"Grande Carajás - Folha Altamira";"Solo";"Colorimetria";"SGB-CPRM - Rigeo";;;;;;;;;;;;;;;;;;;;;;;"16";;;;;;;;;
162;"DBX360";"cartas_100M";-51.746239067;-3.597097555;"1511-AV-L-121";"Grande Carajás - Folha Altamira";"Solo";"Espectrografia Ótica de Emissão";"SGB-CPRM - Rigeo";"ND";"ND";"ND";"500";"100";"< 1";"ND";"ND";"5";"500";"15";"20";"150";"< 5";"< 10";"50";"10";"ND";"15";"10";"ND";"200";"< 50";"10";"ND";"300";;;"< 0,05";"5";"7,0000000000000007E-2";"1"
163;"DBX361";"cartas_100M";-51.748131721;-3.595983324;"1511-AV-L-122";"Grande Carajás - Folha Altamira";"Solo";"Absorção Atômica - HNO3 a Quente";"SGB-CPRM - Rigeo";;;;;;;;;"3";;"35";;;;;"14";"10";;;;;;;;"18";;;;;;;
164;"DBX361";"cartas_100M";-51.748131721;-3.595983324;"1511-AV-L-122";"Grande Carajás - Folha Altamira";"Solo";"Colorimetria";"SGB-CPRM - Rigeo";;;;;;;;;;;;;;;;;;;;;;;"16";;;;;;;;;
165;"DBX361";"cartas_100M";-51.748131721;-3.595983324;"1511-AV-L-122";"Grande Carajás - Folha Altamira";"Solo";"Espectrografia Ótica de Emissão";"SGB-CPRM - Rigeo";"ND";"ND";"ND";"300";"50";"< 1";"ND";"ND";"7";"150";"20";"20";"200";"ND";"< 10";"50";"< 10";"ND";"20";"< 10";"ND";"200";"< 50";"< 10";"ND";"150";;;"< 0,05";"5";"0,05";"1"
166;"DBX362";"cartas_100M";-51.749988923;-3.594869118;"1511-AV-L-123";"Grande Carajás - Folha Altamira";"Solo";"Absorção Atômica - HNO3 a Quente";"SGB-CPRM - Rigeo";;;;;;;;;"1";;"40";;;;;"17";"< 5";;;;;;;;"23";;;;;;;
167;"DBX362";"cartas_100M";-51.749988923;-3.594869118;"1511-AV-L-123";"Grande Carajás - Folha Altamira";"Solo";"Colorimetria";"SGB-CPRM - Rigeo";;;;;;;;;;;;;;;;;;;;;;;"16";;;;;;;;;
168;"DBX362";"cartas_100M";-51.749988923;-3.594869118;"1511-AV-L-123";"Grande Carajás - Folha Altamira";"Solo";"Espectrografia Ótica de Emissão";"SGB-CPRM - Rigeo";"ND";"ND";"ND";"200";"50";"< 1";"ND";"ND";"5";"200";"20";"20";"100";"ND";"< 10";"50";"10";"ND";"30";"< 10";"ND";"200";"< 50";"10";"ND";"100";;;"< 0,05";"10";"0,03";"0,7"
169;"DBX363";"cartas_100M";-51.751595676;-3.593718931;"1511-AV-L-124";"Grande Carajás - Folha Altamira";"Solo";"Absorção Atômica - HNO3 a Quente";"SGB-CPRM - Rigeo";;;;;;;;;"8";;"35";;;;;"14";"10";;;;;;;;"17";;;;;;;
170;"DBX363";"cartas_100M";-51.751595676;-3.593718931;"1511-AV-L-124";"Grande Carajás - Folha Altamira";"Solo";"Colorimetria";"SGB-CPRM - Rigeo";;;;;;;;;;;;;;;;;;;;;;;"8";;;;;;;;;
171;"DBX363";"cartas_100M";-51.751595676;-3.593718931;"1511-AV-L-124";"Grande Carajás - Folha Altamira";"Solo";"Espectrografia Ótica de Emissão";"SGB-CPRM - Rigeo";"ND";"ND";"ND";"200";"100";"< 1";"ND";"ND";"15";"300";"20";"20";"300";"ND";"< 10";"50";"10";"ND";"20";"< 10";"ND";"200";"< 50";"10";"ND";"150";;;"< 0,05";"10";"0,05";"0,7"
172;"DBX364";"cartas_100M";-51.753702446;-3.592281108;"1511-AV-L-125";"Grande Carajás - Folha Altamira";"Solo";"Absorção Atômica - HNO3 a Quente";"SGB-CPRM - Rigeo";;;;;;;;;"1";;"40";;;;;"23";"< 5";;;;;;;;"19";;;;;;;
173;"DBX364";"cartas_100M";-51.753702446;-3.592281108;"1511-AV-L-125";"Grande Carajás - Folha Altamira";"Solo";"Colorimetria";"SGB-CPRM - Rigeo";;;;;;;;;;;;;;;;;;;;;;;"8";;;;;;;;;
174;"DBX364";"cartas_100M";-51.753702446;-3.592281108;"1511-AV-L-125";"Grande Carajás - Folha Altamira";"Solo";"Espectrografia Ótica de Emissão";"SGB-CPRM - Rigeo";"ND";"ND";"ND";"100";"70";"< 1";"ND";"ND";"5";"200";"20";"20";"200";"< 5";"< 10";"50";"< 10";"ND";"20";"10";"ND";"200";"< 50";"10";"ND";"150";;;"< 0,05";"10";"0,03";"> 1"
175;"DBX365";"cartas_100M";-51.753756978;-3.586154369;"1511-AV-L-126";"Grande Carajás - Folha Altamira";"Solo";"Absorção Atômica - HNO3 a Quente";"SGB-CPRM - Rigeo";;;;;;;;;"3";;"50";;;;;"21";"8";;;;;;;;"27";;;;;;;
176;"DBX365";"cartas_100M";-51.753756978;-3.586154369;"1511-AV-L-126";"Grande Carajás - Folha Altamira";"Solo";"Colorimetria";"SGB-CPRM - Rigeo";;;;;;;;;;;;;;;;;;;;;;;"4";;;;;;;;;
177;"DBX365";"cartas_100M";-51.753756978;-3.586154369;"1511-AV-L-126";"Grande Carajás - Folha Altamira";"Solo";"Espectrografia Ótica de Emissão";"SGB-CPRM - Rigeo";"ND";"ND";"ND";"100";"50";"< 1";"ND";"ND";"5";"200";"20";"< 20";"200";"ND";"< 10";"20";"10";"ND";"15";"ND";"ND";"100";"< 50";"< 10";"ND";"100";;;"< 0,05";"7";"0,03";"0,5"
178;"DBX366";"cartas_100M";-51.755009523;-3.588128228;"1511-AV-L-127";"Grande Carajás - Folha Altamira";"Solo";"Absorção Atômica - HNO3 a Quente";"SGB-CPRM - Rigeo";;;;;;;;;"25";;"80";;;;;"26";"22";;;;;;;;"40";;;;;;;
179;"DBX366";"cartas_100M";-51.755009523;-3.588128228;"1511-AV-L-127";"Grande Carajás - Folha Altamira";"Solo";"Colorimetria";"SGB-CPRM - Rigeo";;;;;;;;;;;;;;;;;;;;;;;"4";;;;;;;;;
180;"DBX366";"cartas_100M";-51.755009523;-3.588128228;"1511-AV-L-127";"Grande Carajás - Folha Altamira";"Solo";"Espectrografia Ótica de Emissão";"SGB-CPRM - Rigeo";"ND";"ND";"ND";"20";"300";"1";"ND";"ND";"30";"200";"100";"50";"700";"ND";"10";"70";"30";"ND";"15";"ND";"ND";"150";"ND";"20";"ND";"150";;;"< 0,05";"10";"0,2";"> 1"
181;"DBX367";"cartas_100M";-51.75622561;-3.589563296;"1511-AV-L-128";"Grande Carajás - Folha Altamira";"Solo";"Absorção Atômica - HNO3 a Quente";"SGB-CPRM - Rigeo";;;;;;;;;"20";;"60";;;;;"28";"14";;;;;;;;"50";;;;;;;
182;"DBX367";"cartas_100M";-51.75622561;-3.589563296;"1511-AV-L-128";"Grande Carajás - Folha Altamira";"Solo";"Colorimetria";"SGB-CPRM - Rigeo";;;;;;;;;;;;;;;;;;;;;;;"4";;;;;;;;;
183;"DBX367";"cartas_100M";-51.75622561;-3.589563296;"1511-AV-L-128";"Grande Carajás - Folha Altamira";"Solo";"Espectrografia Ótica de Emissão";"SGB-CPRM - Rigeo";"ND";"ND";"ND";"10";"150";"< 1";"ND";"ND";"20";"100";"50";"< 20";"3000";"ND";"< 10";"50";"20";"ND";"30";"ND";"ND";"500";"ND";"10";"ND";"100";;;"0,05";"10";"0,05";"> 1"
184;"DBX368";"cartas_100M";-51.757655347;-3.5907822;"1511-AV-L-129";"Grande Carajás - Folha Altamira";"Solo";"Absorção Atômica - HNO3 a Quente";"SGB-CPRM - Rigeo";;;;;;;;;"ND";;"14";;;;;"4";"6";;;;;;;;"6";;;;;;;
185;"DBX368";"cartas_100M";-51.757655347;-3.5907822;"1511-AV-L-129";"Grande Carajás - Folha Altamira";"Solo";"Colorimetria";"SGB-CPRM - Rigeo";;;;;;;;;;;;;;;;;;;;;;;"8";;;;;;;;;
186;"DBX368";"cartas_100M";-51.757655347;-3.5907822;"1511-AV-L-129";"Grande Carajás - Folha Altamira";"Solo";"Espectrografia Ótica de Emissão";"SGB-CPRM - Rigeo";"ND";"ND";"ND";"500";"200";"< 1";"ND";"ND";"< 5";"100";"15";"20";"100";"< 5";"< 10";"15";"< 10";"ND";"10";"ND";"ND";"100";"< 50";"10";"ND";"150";;;"< 0,05";"5";"0,2";"0,5"
187;"DBX369";"cartas_100M";-51.759228799;-3.59225258;"1511-AV-L-130";"Grande Carajás - Folha Altamira";"Solo";"Absorção Atômica - HNO3 a Quente";"SGB-CPRM - Rigeo";;;;;;;;;"1";;"18";;;;;"10";"< 5";;;;;;;;"8";;;;;;;
188;"DBX369";"cartas_100M";-51.759228799;-3.59225258;"1511-AV-L-130";"Grande Carajás - Folha Altamira";"Solo";"Colorimetria";"SGB-CPRM - Rigeo";;;;;;;;;;;;;;;;;;;;;;;"8";;;;;;;;;
189;"DBX369";"cartas_100M";-51.759228799;-3.59225258;"1511-AV-L-130";"Grande Carajás - Folha Altamira";"Solo";"Espectrografia Ótica de Emissão";"SGB-CPRM - Rigeo";"ND";"ND";"ND";"1000";"150";"< 1";"ND";"ND";"5";"200";"15";"20";"200";"ND";"< 10";"50";"< 10";"ND";"15";"ND";"ND";"150";"< 50";"10";"ND";"200";;;"< 0,05";"5";"0,2";"1"
190;"DBX370";"cartas_100M";-51.760516484;-3.593831189;"1511-AV-L-131";"Grande Carajás - Folha Altamira";"Solo";"Absorção Atômica - HNO3 a Quente";"SGB-CPRM - Rigeo";;;;;;;;;"22";;"30";;;;;"30";"6";;;;;;;;"25";;;;;;;
191;"DBX370";"cartas_100M";-51.760516484;-3.593831189;"1511-AV-L-131";"Grande Carajás - Folha Altamira";"Solo";"Colorimetria";"SGB-CPRM - Rigeo";;;;;;;;;;;;;;;;;;;;;;;"4";;;;;;;;;
192;"DBX370";"cartas_100M";-51.760516484;-3.593831189;"1511-AV-L-131";"Grande Carajás - Folha Altamira";"Solo";"Espectrografia Ótica de Emissão";"SGB-CPRM - Rigeo";"ND";"ND";"ND";"500";"200";"< 1";"ND";"ND";"20";"500";"20";"ND";"1000";"ND";"< 10";"50";"< 10";"ND";"15";"ND";"ND";"100";"ND";"< 10";"ND";"200";;;"< 0,05";"5";"0,15";"> 1"
193;"DBX443";"cartas_100M";-51.85011643;-3.549732014;"1511-JL-L-046";"Grande Carajás - Folha Altamira";"Solo";"Absorção Atômica - HNO3 a Quente";"SGB-CPRM - Rigeo";;;;;;;;;;;"90";;;;;;"10";;;;;;;;"70";;;;;;;
194;"DBX443";"cartas_100M";-51.85011643;-3.549732014;"1511-JL-L-046";"Grande Carajás - Folha Altamira";"Solo";"Espectrografia Ótica de Emissão";"SGB-CPRM - Rigeo";"ND";"ND";"ND";"< 10";"100";"1";"ND";"ND";"50";"70";"50";"20";"300";"ND";"< 10";"50";"30";"ND";"20";"10";"ND";"200";"ND";"30";"ND";"100";;;"0,15";"10";"0,3";"0,5"
195;"DBX573";"cartas_100M";-51.046500944;-3.805629949;"1511-VR-L-0145";"Grande Carajás - Folha Altamira";"Solo";"Absorção Atômica - HNO3 a Quente";"SGB-CPRM - Rigeo";"ND";;;;;;;;"ND";;"13";;;;;"5";"< 5";;;;;;;;"10";;;;;;;
196;"DBX573";"cartas_100M";-51.046500944;-3.805629949;"1511-VR-L-0145";"Grande Carajás - Folha Altamira";"Solo";"Colorimetria";"SGB-CPRM - Rigeo";;;;;;;;;;;;;;;;;;;;;;;"4";;;;;;;;;
197;"DBX573";"cartas_100M";-51.046500944;-3.805629949;"1511-VR-L-0145";"Grande Carajás - Folha Altamira";"Solo";"Espectrografia Ótica de Emissão";"SGB-CPRM - Rigeo";"ND";"ND";"ND";"20";"20";"ND";"ND";"ND";"5";"200";"10";"< 20";"150";"ND";"10";"20";"20";"ND";"15";"< 10";"ND";"200";"ND";"10";"ND";"150";;;"< 0,05";"10";"0,03";"1"
198;"DBX574";"cartas_100M";-51.913399849;-3.589993933;"1511-VR-L-0146";"Grande Carajás - Folha Altamira";"Solo";"Absorção Atômica - HNO3 a Quente";"SGB-CPRM - Rigeo";"ND";;;;;;;;"4";;"8";;;;;"23";"10";;;;;;;;"18";;;;;;;
199;"DBX574";"cartas_100M";-51.913399849;-3.589993933;"1511-VR-L-0146";"Grande Carajás - Folha Altamira";"Solo";"Colorimetria";"SGB-CPRM - Rigeo";;;;;;;;;;;;;;;;;;;;;;;"4";;;;;;;;;
200;"DBX574";"cartas_100M";-51.913399849;-3.589993933;"1511-VR-L-0146";"Grande Carajás - Folha Altamira";"Solo";"Espectrografia Ótica de Emissão";"SGB-CPRM - Rigeo";"ND";"ND";"ND";"150";"70";"< 1";"ND";"ND";"7";"150";"7";"ND";"150";"ND";"< 10";"50";"< 10";"ND";"7";"ND";"ND";"50";"ND";"< 10";"ND";"200";;;"0,05";"2";"0,1";"0,5"
201;"DBX575";"cartas_100M";-51.915806134;-3.59194703;"1511-VR-L-0147";"Grande Carajás - Folha Altamira";"Solo";"Absorção Atômica - HNO3 a Quente";"SGB-CPRM - Rigeo";"ND";;;;;;;;"4";;"60";;;;;"40";"18";;;;;;;;"30";;;;;;;
202;"DBX575";"cartas_100M";-51.915806134;-3.59194703;"1511-VR-L-0147";"Grande Carajás - Folha Altamira";"Solo";"Colorimetria";"SGB-CPRM - Rigeo";;;;;;;;;;;;;;;;;;;;;;;"4";;;;;;;;;
203;"DBX575";"cartas_100M";-51.915806134;-3.59194703;"1511-VR-L-0147";"Grande Carajás - Folha Altamira";"Solo";"Espectrografia Ótica de Emissão";"SGB-CPRM - Rigeo";"ND";"200";"ND";"100";"50";"< 1";"ND";"ND";"7";"500";"50";"20";"300";"ND";"10";"70";"30";"ND";"20";"< 10";"ND";"300";"ND";"10";"ND";"150";;;"< 0,05";"10";"0,05";"1"
204;"DBX576";"cartas_100M";-51.917155624;-3.593597896;"1511-VR-L-0148";"Grande Carajás - Folha Altamira";"Solo";"Absorção Atômica - HNO3 a Quente";"SGB-CPRM - Rigeo";"ND";;;;;;;;"ND";;"45";;;;;"16";"14";;;;;;;;"18";;;;;;;
205;"DBX576";"cartas_100M";-51.917155624;-3.593597896;"1511-VR-L-0148";"Grande Carajás - Folha Altamira";"Solo";"Colorimetria";"SGB-CPRM - Rigeo";;;;;;;;;;;;;;;;;;;;;;;"4";;;;;;;;;
206;"DBX576";"cartas_100M";-51.917155624;-3.593597896;"1511-VR-L-0148";"Grande Carajás - Folha Altamira";"Solo";"Espectrografia Ótica de Emissão";"SGB-CPRM - Rigeo";"< 0,5";"< 200";"ND";"200";"150";"< 1";"ND";"ND";"5";"300";"30";"30";"50";"ND";"< 10";"70";"50";"ND";"30";"ND";"ND";"200";"ND";"10";"ND";"150";;;"< 0,05";"5";"0,1";"0,7"
207;"DBX577";"cartas_100M";-51.918921634;-3.595795174;"1511-VR-L-0149";"Grande Carajás - Folha Altamira";"Solo";"Absorção Atômica - HNO3 a Quente";"SGB-CPRM - Rigeo";"ND";;;;;;;;"1";;"30";;;;;"14";"10";;;;;;;;"17";;;;;;;
208;"DBX577";"cartas_100M";-51.918921634;-3.595795174;"1511-VR-L-0149";"Grande Carajás - Folha Altamira";"Solo";"Colorimetria";"SGB-CPRM - Rigeo";;;;;;;;;;;;;;;;;;;;;;;"4";;;;;;;;;
209;"DBX577";"cartas_100M";-51.918921634;-3.595795174;"1511-VR-L-0149";"Grande Carajás - Folha Altamira";"Solo";"Espectrografia Ótica de Emissão";"SGB-CPRM - Rigeo";"< 0,5";"< 200";"ND";"500";"150";"< 1";"ND";"ND";"7";"300";"20";"50";"150";"ND";"< 10";"50";"50";"ND";"20";"< 10";"< 100";"500";"ND";"20";"ND";"150";;;"< 0,05";"5";"7,0000000000000007E-2";"> 1"
210;"DBX578";"cartas_100M";-51.267519704;-3.783893138;"1511-VR-L-023";"Grande Carajás - Folha Altamira";"Solo";"Espectrografia Ótica de Emissão";"SGB-CPRM - Rigeo";"ND";"ND";"ND";"< 10";"150";"ND";"ND";"ND";"< 5";"10";"15";"ND";"150";"ND";"< 10";"< 5";"< 10";"ND";"< 5";"ND";"ND";"50";"ND";"< 10";"ND";"500";;;"< 0,05";"0,7";"0,03";"> 1"
211;"DBX579";"cartas_100M";-51.266619922;-3.786607452;"1511-VR-L-024";"Grande Carajás - Folha Altamira";"Solo";"Espectrografia Ótica de Emissão";"SGB-CPRM - Rigeo";"ND";"ND";"ND";"< 10";"150";"ND";"ND";"ND";"< 5";"< 10";"< 5";"ND";"100";"ND";"< 10";"< 5";"< 10";"ND";"< 5";"ND";"ND";"30";"ND";"10";"ND";"500";;;"< 0,05";"0,7";"0,03";"1"
212;"DBX580";"cartas_100M";-51.265720135;-3.789321766;"1511-VR-L-025";"Grande Carajás - Folha Altamira";"Solo";"Espectrografia Ótica de Emissão";"SGB-CPRM - Rigeo";"ND";"ND";"ND";"20";"30";"ND";"ND";"ND";"5";"30";"10";"ND";"200";"ND";"< 10";"5";"ND";"ND";"7";"ND";"ND";"70";"ND";"< 10";"ND";"150";;;"< 0,05";"2";"0,05";"> 1"
213;"DBX581";"cartas_100M";-51.264820068;-3.791131401;"1511-VR-L-026";"Grande Carajás - Folha Altamira";"Solo";"Espectrografia Ótica de Emissão";"SGB-CPRM - Rigeo";"ND";"ND";"ND";"20";"200";"< 1";"ND";"ND";"< 5";"20";"10";"ND";"100";"ND";"< 10";"7";"< 10";"ND";"7";"ND";"ND";"70";"ND";"10";"ND";"200";;;"< 0,05";"3";"0,1";"> 1"
214;"DBX582";"cartas_100M";-51.263920546;-3.794750392;"1511-VR-L-027";"Grande Carajás - Folha Altamira";"Solo";"Espectrografia Ótica de Emissão";"SGB-CPRM - Rigeo";"ND";"ND";"ND";"50";"30";"ND";"ND";"ND";"7";"150";"70";"ND";"200";"ND";"< 10";"100";"< 10";"ND";"20";"ND";"ND";"700";"ND";"10";"ND";"100";;;"< 0,05";"15";"0,03";"1"
215;"DBX583";"cartas_100M";-51.263020744;-3.797464704;"1511-VR-L-028";"Grande Carajás - Folha Altamira";"Solo";"Espectrografia Ótica de Emissão";"SGB-CPRM - Rigeo";"ND";"ND";"ND";"50";"50";"ND";"ND";"ND";"< 5";"50";"15";"< 20";"200";"ND";"< 10";"20";"ND";"ND";"15";"ND";"ND";"150";"ND";"10";"ND";"150";;;"< 0,05";"5";"0,03";"> 1"
216;"DBX584";"cartas_100M";-51.262120937;-3.800179015;"1511-VR-L-029";"Grande Carajás - Folha Altamira";"Solo";"Espectrografia Ótica de Emissão";"SGB-CPRM - Rigeo";"ND";"ND";"ND";"30";"20";"ND";"ND";"ND";"7";"100";"50";"ND";"300";"ND";"< 10";"70";"< 10";"ND";"20";"ND";"ND";"300";"ND";"10";"ND";"150";;;"< 0,05";"10";"0,03";"> 1"
217;"DBX585";"cartas_100M";-51.261221397;-3.803798004;"1511-VR-L-030";"Grande Carajás - Folha Altamira";"Solo";"Espectrografia Ótica de Emissão";"SGB-CPRM - Rigeo";"ND";"ND";"ND";"10";"20";"ND";"ND";"ND";"10";"70";"20";"ND";"500";"ND";"< 10";"30";"< 10";"ND";"15";"ND";"ND";"150";"ND";"10";"ND";"200";;;"< 0,05";"7";"0,03";"> 1"
218;"DBX586";"cartas_100M";-51.261222214;-3.806512041;"1511-VR-L-031";"Grande Carajás - Folha Altamira";"Solo";"Espectrografia Ótica de Emissão";"SGB-CPRM - Rigeo";"ND";"ND";"ND";"< 10";"100";"< 1";"ND";"ND";"50";"100";"50";"ND";"1500";"ND";"< 10";"70";"ND";"ND";"20";"ND";"ND";"200";"ND";"20";"ND";"150";;;"0,3";"10";"0,3";"> 1"
219;"DBX587";"cartas_100M";-51.260322666;-3.810131029;"1511-VR-L-032";"Grande Carajás - Folha Altamira";"Solo";"Espectrografia Ótica de Emissão";"SGB-CPRM - Rigeo";"ND";"ND";"ND";"< 10";"70";"ND";"ND";"ND";"50";"150";"70";"ND";"2000";"ND";"< 10";"70";"< 10";"ND";"30";"ND";"ND";"500";"ND";"10";"ND";"100";;;"< 0,05";"15";"0,03";"1"
220;"DBX588";"cartas_100M";-51.259422839;-3.812845338;"1511-VR-L-033";"Grande Carajás - Folha Altamira";"Solo";"Espectrografia Ótica de Emissão";"SGB-CPRM - Rigeo";"ND";"ND";"ND";"< 10";"150";"ND";"ND";"ND";"50";"200";"70";"ND";"1500";"ND";"< 10";"200";"ND";"ND";"30";"ND";"ND";"500";"ND";"30";"ND";"100";;;"0,15";"15";"0,15";"0,7"
221;"DBX589";"cartas_100M";-51.258523008;-3.815559646;"1511-VR-L-034";"Grande Carajás - Folha Altamira";"Solo";"Espectrografia Ótica de Emissão";"SGB-CPRM - Rigeo";"ND";"ND";"ND";"< 10";"100";"ND";"ND";"ND";"30";"150";"100";"ND";"2000";"ND";"< 10";"150";"< 10";"ND";"30";"ND";"ND";"500";"ND";"50";"ND";"100";;;"0,2";"15";"0,1";"> 1"
222;"DBX590";"cartas_100M";-51.258523819;-3.818273682;"1511-VR-L-035";"Grande Carajás - Folha Altamira";"Solo";"Espectrografia Ótica de Emissão";"SGB-CPRM - Rigeo";"ND";"ND";"ND";"< 10";"200";"ND";"ND";"ND";"70";"200";"100";"ND";"5000";"ND";"< 10";"150";"< 10";"ND";"20";"ND";"ND";"200";"ND";"20";"ND";"100";;;"0,2";"10";"7,0000000000000007E-2";"> 1"
223;"DBX591";"cartas_100M";-51.257623711;-3.820083311;"1511-VR-L-036";"Grande Carajás - Folha Altamira";"Solo";"Espectrografia Ótica de Emissão";"SGB-CPRM - Rigeo";"ND";"ND";"ND";"< 10";"20";"< 1";"ND";"ND";"15";"200";"70";"ND";"500";"ND";"< 10";"150";"< 10";"ND";"30";"10";"ND";"300";"ND";"10";"ND";"70";;;"0,05";"15";"0,05";"1"
224;"DBX592";"cartas_100M";-51.256723598;-3.821892939;"1511-VR-L-037";"Grande Carajás - Folha Altamira";"Solo";"Espectrografia Ótica de Emissão";"SGB-CPRM - Rigeo";"ND";"ND";"ND";"< 10";"150";"< 1";"ND";"ND";"30";"100";"100";"20";"1500";"ND";"< 10";"150";"< 10";"ND";"30";"ND";"ND";"500";"ND";"50";"ND";"70";;;"0,7";"10";"7,0000000000000007E-2";"1"
225;"DBX593";"cartas_100M";-51.255823214;-3.822797888;"1511-VR-L-038";"Grande Carajás - Folha Altamira";"Solo";"Espectrografia Ótica de Emissão";"SGB-CPRM - Rigeo";"ND";"ND";"ND";"< 10";"100";"ND";"ND";"ND";"50";"200";"100";"< 20";"2000";"ND";"< 10";"200";"< 10";"ND";"30";"ND";"ND";"300";"ND";"30";"ND";"50";;;"0,5";"15";"0,15";"0,7"
226;"DBX594";"cartas_100M";-51.256724406;-3.824606976;"1511-VR-L-039";"Grande Carajás - Folha Altamira";"Solo";"Espectrografia Ótica de Emissão";"SGB-CPRM - Rigeo";"ND";"ND";"ND";"ND";"30";"< 1";"ND";"ND";"50";"200";"150";"ND";"1500";"ND";"< 10";"150";"ND";"ND";"20";"ND";"ND";"100";"ND";"10";"ND";"20";;;"0,5";"15";"0,3";"0,3"
227;"DBX595";"cartas_100M";-51.257625601;-3.826416062;"1511-VR-L-040";"Grande Carajás - Folha Altamira";"Solo";"Espectrografia Ótica de Emissão";"SGB-CPRM - Rigeo";"ND";"ND";"ND";"< 10";"150";"< 1";"ND";"ND";"50";"200";"100";"< 20";"1000";"ND";"< 10";"150";"10";"ND";"30";"ND";"ND";"200";"ND";"30";"ND";"70";;;"0,5";"10";"0,15";"0,5"
228;"DBX596";"cartas_100M";-51.257626141;-3.828225419;"1511-VR-L-041";"Grande Carajás - Folha Altamira";"Solo";"Espectrografia Ótica de Emissão";"SGB-CPRM - Rigeo";"ND";"ND";"ND";"< 10";"150";"ND";"ND";"ND";"50";"150";"70";"< 20";"1000";"ND";"< 10";"100";"< 10";"ND";"20";"ND";"ND";"150";"ND";"30";"ND";"100";;;"0,5";"7";"0,2";"1"
229;"DBX597";"cartas_100M";-51.257626682;-3.830034776;"1511-VR-L-042";"Grande Carajás - Folha Altamira";"Solo";"Espectrografia Ótica de Emissão";"SGB-CPRM - Rigeo";"ND";"ND";"ND";"< 10";"100";"< 1";"ND";"ND";"7";"30";"20";"ND";"300";"ND";"10";"20";"10";"ND";"10";"ND";"ND";"100";"ND";"< 10";"ND";"150";;;"0,05";"3";"0,05";"0,5"
230;"DBX598";"cartas_100M";-51.258527614;-3.830939182;"1511-VR-L-043";"Grande Carajás - Folha Altamira";"Solo";"Espectrografia Ótica de Emissão";"SGB-CPRM - Rigeo";"ND";"ND";"ND";"10";"50";"< 1";"ND";"ND";"< 5";"20";"5";"ND";"150";"ND";"10";"10";"< 10";"ND";"5";"ND";"ND";"70";"ND";"10";"ND";"200";;;"< 0,05";"1,5";"0,02";"0,7"
231;"DBX599";"cartas_100M";-51.260329757;-3.83365267;"1511-VR-L-045";"Grande Carajás - Folha Altamira";"Solo";"Espectrografia Ótica de Emissão";"SGB-CPRM - Rigeo";"ND";"ND";"ND";"10";"300";"ND";"ND";"ND";"ND";"< 10";"< 5";"< 20";"100";"ND";"< 10";"< 5";"20";"ND";"< 5";"ND";"ND";"30";"ND";"10";"ND";"700";;;"0,05";"1";"0,03";"0,2"
232;"DBX600";"cartas_100M";-51.258528701;-3.834557896;"1511-VR-L-046";"Grande Carajás - Folha Altamira";"Solo";"Espectrografia Ótica de Emissão";"SGB-CPRM - Rigeo";"ND";"ND";"ND";"10";"300";"< 1";"ND";"ND";"< 5";"< 10";"< 5";"< 20";"200";"ND";"< 10";"< 5";"50";"ND";"< 5";"ND";"ND";"30";"ND";"< 10";"ND";"300";;;"0,05";"1,5";"0,05";"0,15"
233;"DBX601";"cartas_100M";-51.259429912;-3.836366979;"1511-VR-L-047";"Grande Carajás - Folha Altamira";"Solo";"Espectrografia Ótica de Emissão";"SGB-CPRM - Rigeo";"ND";"ND";"ND";"10";"2000";"< 1";"ND";"ND";"20";"10";"10";"20";"1000";"ND";"10";"10";"100";"ND";"< 5";"ND";"< 100";"50";"ND";"10";"ND";"500";;;"7,0000000000000007E-2";"2";"0,03";"0,2"
234;"DBX602";"cartas_100M";-51.2603314;-3.839080739;"1511-VR-L-048";"Grande Carajás - Folha Altamira";"Solo";"Espectrografia Ótica de Emissão";"SGB-CPRM - Rigeo";"ND";"ND";"ND";"10";"500";"ND";"ND";"ND";"10";"10";"10";"< 20";"500";"ND";"< 10";"10";"70";"ND";"5";"ND";"< 100";"30";"ND";"10";"ND";"500";;;"7,0000000000000007E-2";"1";"0,05";"0,2"
235;"DBX603";"cartas_100M";-51.260332223;-3.841794773;"1511-VR-L-049";"Grande Carajás - Folha Altamira";"Solo";"Espectrografia Ótica de Emissão";"SGB-CPRM - Rigeo";"ND";"ND";"ND";"10";"150";"ND";"ND";"ND";"< 5";"< 10";"< 5";"ND";"200";"ND";"< 10";"ND";"< 10";"ND";"5";"ND";"ND";"30";"ND";"10";"ND";"> 1000";;;"0,05";"0,7";"0,03";"0,5"
236;"DBX604";"cartas_100M";-51.261233446;-3.843603853;"1511-VR-L-050";"Grande Carajás - Folha Altamira";"Solo";"Espectrografia Ótica de Emissão";"SGB-CPRM - Rigeo";"ND";"ND";"ND";"< 10";"200";"< 1";"ND";"ND";"5";"< 10";"< 5";"ND";"300";"ND";"< 10";"< 5";"10";"ND";"< 5";"ND";"ND";"30";"ND";"15";"ND";"> 1000";;;"< 0,05";"1";"0,02";"1"
237;"DBX605";"cartas_100M";-51.263036459;-3.849031365;"1511-VR-L-053";"Grande Carajás - Folha Altamira";"Solo";"Espectrografia Ótica de Emissão";"SGB-CPRM - Rigeo";"ND";"ND";"ND";"< 10";"50";"ND";"ND";"ND";"5";"10";"10";"ND";"200";"ND";"10";"5";"< 10";"ND";"5";"ND";"ND";"30";"ND";"10";"ND";"1000";;;"< 0,05";"1";"0,02";"1"
238;"DBX606";"cartas_100M";-51.324078246;-3.721953874;"1511-VR-L-062";"Grande Carajás - Folha Altamira";"Solo";"Espectrografia Ótica de Emissão";"SGB-CPRM - Rigeo";"ND";"ND";"ND";"10";"70";"ND";"ND";"ND";"5";"70";"20";"< 20";"200";"ND";"10";"20";"50";"ND";"10";"ND";"ND";"100";"ND";"10";"ND";"300";;;"< 0,05";"5";"0,03";"1"
239;"DBX607";"cartas_100M";-51.320635209;-3.727785207;"1511-VR-L-063";"Grande Carajás - Folha Altamira";"Solo";"Espectrografia Ótica de Emissão";"SGB-CPRM - Rigeo";"ND";"ND";"ND";"10";"150";"< 1";"ND";"ND";"5";"30";"15";"ND";"200";"ND";"10";"15";"50";"ND";"7";"ND";"ND";"70";"ND";"< 10";"ND";"500";;;"< 0,05";"2";"0,03";"> 1"
240;"DAF185";;-53.76262795;-3.768349256;"1521-AV-L-035";"Sulfetos de Altamira-Itaituba";"Solo";"Espectrografia Ótica de Emissão";"SGB-CPRM - Rigeo";"ND";"ND";"ND";"20";"100";"< 1";"ND";"ND";"< 5";"20";"20";"20";"300";"ND";"20";"5";"15";"ND";"5";"ND";"< 100";"50";"ND";"15";"ND";"> 1000";;;"0,3";"0,7";"0,1";"1"
241;"DAF186";;-53.771194009;-3.778295403;"1521-AV-L-036";"Sulfetos de Altamira-Itaituba";"Solo";"Espectrografia Ótica de Emissão";"SGB-CPRM - Rigeo";"ND";"ND";"ND";"50";"100";"< 1";"ND";"ND";"< 5";"70";"7";"50";"200";"< 5";"20";"20";"20";"ND";"10";"ND";"< 100";"70";"ND";"20";"ND";"> 1000";;;"0,05";"1,5";"0,15";"> 1"
242;"DAF187";;-53.767006158;-3.785433786;"1521-AV-L-037";"Sulfetos de Altamira-Itaituba";"Solo";"Espectrografia Ótica de Emissão";"SGB-CPRM - Rigeo";"< 0,5";"ND";"ND";"30";"100";"< 1";"ND";"ND";"< 5";"200";"7";"30";"70";"ND";"20";"20";"30";"ND";"10";"ND";"< 100";"70";"ND";"20";"ND";"> 1000";;;"< 0,05";"1";"0,1";"1"
243;"DAF188";;-53.755204032;-3.779532723;"1521-AV-L-038";"Sulfetos de Altamira-Itaituba";"Solo";"Espectrografia Ótica de Emissão";"SGB-CPRM - Rigeo";"ND";"ND";"ND";"30";"150";"< 1";"ND";"ND";"< 5";"100";"10";"30";"100";"< 5";"20";"20";"30";"ND";"10";"ND";"< 100";"70";"ND";"20";"ND";"> 1000";;;"< 0,05";"1";"0,15";"1"
244;"DAF189";;-53.783567206;-3.769443808;"1521-AV-L-039";"Sulfetos de Altamira-Itaituba";"Solo";"Espectrografia Ótica de Emissão";"SGB-CPRM - Rigeo";"ND";"ND";"ND";"30";"200";"< 1";"ND";"ND";"5";"150";"10";"50";"70";"< 5";"20";"20";"50";"ND";"10";"ND";"< 100";"70";"ND";"20";"ND";"> 1000";;;"< 0,05";"1";"0,15";"> 1"
245;"DAF190";;-53.76825152;-3.803520853;"1521-AV-L-040";"Sulfetos de Altamira-Itaituba";"Solo";"Espectrografia Ótica de Emissão";"SGB-CPRM - Rigeo";"ND";"ND";"ND";"50";"100";"< 1";"ND";"ND";"< 5";"70";"15";"20";"150";"ND";"20";"7";"20";"ND";"7";"ND";"< 100";"50";"ND";"30";"ND";"> 1000";;;"0,2";"1";"0,1";"1"
246;"DAF191";;-53.769393661;-3.830646708;"1521-AV-L-041";"Sulfetos de Altamira-Itaituba";"Solo";"Espectrografia Ótica de Emissão";"SGB-CPRM - Rigeo";"ND";"ND";"ND";"30";"100";"< 1";"ND";"ND";"< 5";"100";"10";"30";"70";"< 5";"15";"7";"30";"ND";"7";"ND";"< 100";"50";"ND";"15";"ND";"> 1000";;;"< 0,05";"1";"0,1";"1"
247;"DAF192";;-53.799374869;-3.82807689;"1521-AV-L-042";"Sulfetos de Altamira-Itaituba";"Solo";"Espectrografia Ótica de Emissão";"SGB-CPRM - Rigeo";"ND";"ND";"ND";"30";"150";"ND";"ND";"ND";"< 5";"100";"7";"30";"100";"ND";"20";"7";"30";"ND";"10";"ND";"< 100";"70";"ND";"20";"ND";"> 1000";;;"< 0,05";"2";"0,15";"> 1"
248;"DAF193";;-53.785669175;-3.831075011;"1521-AV-L-043";"Sulfetos de Altamira-Itaituba";"Solo";"Espectrografia Ótica de Emissão";"SGB-CPRM - Rigeo";"ND";"ND";"ND";"20";"150";"< 1";"ND";"ND";"5";"150";"10";"30";"70";"< 5";"20";"10";"30";"ND";"10";"ND";"< 100";"70";"ND";"20";"ND";"> 1000";;;"< 0,05";"1,5";"0,15";"1"
249;"DAF194";;-53.81279503;-3.806947277;"1521-AV-L-044";"Sulfetos de Altamira-Itaituba";"Solo";"Espectrografia Ótica de Emissão";"SGB-CPRM - Rigeo";"ND";"ND";"ND";"30";"70";"ND";"ND";"ND";"< 5";"30";"7";"30";"70";"ND";"20";"7";"20";"ND";"7";"ND";"ND";"50";"ND";"20";"ND";"> 1000";;;"< 0,05";"1";"0,1";"1"
250;"DAF195";;-53.811851554;-3.826178301;"1521-AV-L-045";"Sulfetos de Altamira-Itaituba";"Solo";"Espectrografia Ótica de Emissão";"SGB-CPRM - Rigeo";"ND";"ND";"ND";"30";"100";"< 1";"ND";"ND";"< 5";"30";"7";"30";"100";"ND";"20";"7";"30";"ND";"7";"ND";"< 100";"50";"ND";"20";"ND";"700";;;"< 0,05";"1";"0,1";"1"
251;"DAF196";;-53.813136463;-3.835600967;"1521-AV-L-046";"Sulfetos de Altamira-Itaituba";"Solo";"Espectrografia Ótica de Emissão";"SGB-CPRM - Rigeo";"0,5";"ND";"ND";"50";"150";"< 1";"ND";"ND";"< 5";"70";"10";"30";"100";"5";"30";"10";"30";"ND";"10";"ND";"< 100";"70";"ND";"20";"ND";"> 1000";;;"< 0,05";"1,5";"0,15";"> 1"
252;"DAF197";;-53.794148366;-3.712963546;"1521-AV-L-047";"Sulfetos de Altamira-Itaituba";"Solo";"Espectrografia Ótica de Emissão";"SGB-CPRM - Rigeo";"ND";"ND";"ND";"20";"150";"< 1";"ND";"ND";"5";"100";"7";"30";"100";"5";"20";"20";"30";"ND";"10";"ND";"< 100";"100";"ND";"15";"ND";"1000";;;"< 0,05";"3";"0,15";"1"
253;"DAF198";;-53.777159014;-3.72310005;"1521-AV-L-048";"Sulfetos de Altamira-Itaituba";"Solo";"Espectrografia Ótica de Emissão";"SGB-CPRM - Rigeo";"1,5";"ND";"ND";"20";"150";"< 1";"ND";"ND";"5";"150";"10";"30";"100";"< 5";"20";"20";"70";"ND";"15";"ND";"< 100";"100";"ND";"15";"ND";"700";;;"< 0,05";"5";"0,15";"1"
254;"DAF199";;-53.776136354;-3.770462015;"1521-AV-L-049";"Sulfetos de Altamira-Itaituba";"Solo";"Espectrografia Ótica de Emissão";"SGB-CPRM - Rigeo";"0,5";"ND";"ND";"50";"50";"ND";"ND";"ND";"< 5";"15";"5";"< 20";"200";"ND";"15";"< 5";"10";"ND";"5";"ND";"ND";"20";"ND";"10";"ND";"> 1000";;;"0,15";"0,7";"0,03";"1"
255;"DAF200";;-53.737303551;-3.764180238;"1521-AV-L-050";"Sulfetos de Altamira-Itaituba";"Solo";"Espectrografia Ótica de Emissão";"SGB-CPRM - Rigeo";"1";"ND";"ND";"50";"70";"< 1";"ND";"ND";"5";"20";"5";"20";"200";"< 5";"20";"5";"10";"ND";"7";"ND";"< 100";"50";"ND";"15";"ND";"> 1000";;;"< 0,05";"1,5";"0,05";"> 1"
256;"DAF201";;-53.556416925;-3.675807056;"1521-AV-L-051";"Sulfetos de Altamira-Itaituba";"Solo";"Espectrografia Ótica de Emissão";"SGB-CPRM - Rigeo";"1";"ND";"ND";"30";"70";"< 1";"ND";"ND";"5";"50";"10";"20";"150";"5";"20";"15";"30";"ND";"10";"ND";"ND";"70";"ND";"15";"ND";"1000";;;"< 0,05";"3";"7,0000000000000007E-2";"> 1"
257;"DAF202";;-53.5562275;-3.697848107;"1521-AV-L-052";"Sulfetos de Altamira-Itaituba";"Solo";"Espectrografia Ótica de Emissão";"SGB-CPRM - Rigeo";"1";"ND";"ND";"50";"50";"ND";"ND";"ND";"< 5";"50";"5";"20";"70";"< 5";"15";"5";"20";"ND";"7";"ND";"ND";"70";"ND";"15";"ND";"1000";;;"< 0,05";"1,5";"0,03";"1"
258;"DAF203";;-53.565507397;-3.697705339;"1521-AV-L-053";"Sulfetos de Altamira-Itaituba";"Solo";"Espectrografia Ótica de Emissão";"SGB-CPRM - Rigeo";"1";"ND";"ND";"50";"70";"< 1";"ND";"ND";"< 5";"150";"7";"30";"70";"5";"20";"10";"30";"ND";"15";"ND";"< 100";"100";"ND";"20";"ND";"> 1000";;;"< 0,05";"3";"0,03";"1"
259;"DAF204";;-53.569076589;-3.704558188;"1521-AV-L-054";"Sulfetos de Altamira-Itaituba";"Solo";"Espectrografia Ótica de Emissão";"SGB-CPRM - Rigeo";"< 0,5";"ND";"ND";"70";"70";"< 1";"ND";"ND";"5";"150";"5";"30";"100";"7";"20";"10";"30";"ND";"15";"ND";"< 100";"100";"ND";"30";"ND";"> 1000";;;"< 0,05";"5";"0,05";"1"
260;"DAF205";;-53.584352729;-3.71298148;"1521-AV-L-055";"Sulfetos de Altamira-Itaituba";"Solo";"Espectrografia Ótica de Emissão";"SGB-CPRM - Rigeo";"< 0,5";"ND";"ND";"50";"70";"< 1";"ND";"ND";"< 5";"150";"7";"30";"70";"7";"20";"10";"30";"ND";"15";"ND";"ND";"100";"ND";"20";"ND";"> 1000";;;"< 0,05";"3";"0,02";"1"
261;"DAF206";;-53.600941877;-3.718533752;"1521-AV-L-056";"Sulfetos de Altamira-Itaituba";"Solo";"Espectrografia Ótica de Emissão";"SGB-CPRM - Rigeo";"ND";"ND";"ND";"20";"70";"ND";"ND";"ND";"5";"20";"50";"< 20";"200";"ND";"15";"5";"10";"ND";"7";"ND";"ND";"100";"ND";"10";"ND";"> 1000";;;"0,15";"1,5";"0,05";"1"
262;"DAF207";;-53.605224907;-3.726671508;"1521-AV-L-057";"Sulfetos de Altamira-Itaituba";"Solo";"Espectrografia Ótica de Emissão";"SGB-CPRM - Rigeo";"0,5";"ND";"ND";"20";"70";"ND";"ND";"ND";"7";"50";"100";"< 20";"200";"ND";"20";"10";"15";"ND";"15";"ND";"ND";"200";"ND";"15";"ND";"> 1000";;;"< 0,05";"5";"7,0000000000000007E-2";"> 1"
263;"DAF208";;-53.617502925;-3.727956416;"1521-AV-L-058";"Sulfetos de Altamira-Itaituba";"Solo";"Espectrografia Ótica de Emissão";"SGB-CPRM - Rigeo";"ND";"ND";"ND";"20";"50";"< 1";"ND";"ND";"5";"30";"50";"20";"100";"ND";"20";"20";"15";"ND";"20";"ND";"ND";"150";"ND";"15";"ND";"1000";;;"< 0,05";"3";"0,1";"> 1"
264;"DAF209";;-53.624213005;-3.723530619;"1521-AV-L-059";"Sulfetos de Altamira-Itaituba";"Solo";"Espectrografia Ótica de Emissão";"SGB-CPRM - Rigeo";"ND";"ND";"ND";"10";"50";"< 1";"ND";"ND";"5";"30";"30";"20";"100";"ND";"10";"15";"15";"ND";"15";"ND";"ND";"150";"ND";"10";"ND";"700";;;"< 0,05";"2";"0,1";"1"
265;"DAF210";;-53.629114725;-3.730570472;"1521-AV-L-060";"Sulfetos de Altamira-Itaituba";"Solo";"Espectrografia Ótica de Emissão";"SGB-CPRM - Rigeo";"ND";"ND";"ND";"10";"50";"ND";"ND";"ND";"7";"20";"50";"20";"300";"ND";"10";"10";"10";"ND";"10";"ND";"ND";"200";"ND";"10";"ND";"700";;;"0,05";"2";"0,05";"> 1"
266;"DAF211";;-53.625545533;-3.735710107;"1521-AV-L-061";"Sulfetos de Altamira-Itaituba";"Solo";"Espectrografia Ótica de Emissão";"SGB-CPRM - Rigeo";"ND";"ND";"ND";"10";"50";"< 1";"ND";"ND";"7";"20";"70";"20";"500";"ND";"10";"20";"15";"ND";"15";"ND";"ND";"200";"ND";"10";"ND";"700";;;"< 0,05";"5";"0,1";"> 1"
267;"DAF212";;-53.619977594;-3.742420187;"1521-AV-L-062";"Sulfetos de Altamira-Itaituba";"Solo";"Espectrografia Ótica de Emissão";"SGB-CPRM - Rigeo";"ND";"ND";"ND";"< 10";"50";"ND";"ND";"ND";"10";"50";"200";"20";"500";"ND";"10";"30";"20";"ND";"30";"ND";"ND";"700";"ND";"20";"ND";"500";;;"< 0,05";"7";"0,1";"> 1"
268;"DAF213";;-53.627629955;-3.746255232;"1521-AV-L-063";"Sulfetos de Altamira-Itaituba";"Solo";"Espectrografia Ótica de Emissão";"SGB-CPRM - Rigeo";"ND";"ND";"ND";"20";"70";"< 1";"ND";"ND";"< 5";"30";"10";"20";"100";"< 5";"10";"7";"30";"ND";"5";"ND";"ND";"50";"ND";"15";"ND";"500";;;"< 0,05";"1,5";"0,1";"1"
269;"DAF214";;-53.631912985;-3.750966565;"1521-AV-L-064";"Sulfetos de Altamira-Itaituba";"Solo";"Espectrografia Ótica de Emissão";"SGB-CPRM - Rigeo";"ND";"ND";"ND";"20";"70";"< 1";"ND";"ND";"5";"50";"10";"20";"100";"< 5";"15";"10";"30";"ND";"7";"ND";"ND";"50";"ND";"15";"ND";"700";;;"< 0,05";"1,5";"0,1";"1"
270;"DAF215";;-53.762973697;-3.839625282;"1521-AV-L-065";"Sulfetos de Altamira-Itaituba";"Solo";"Espectrografia Ótica de Emissão";"SGB-CPRM - Rigeo";"ND";"ND";"ND";"20";"70";"< 1";"ND";"ND";"5";"50";"7";"20";"100";"< 5";"20";"10";"30";"ND";"10";"ND";"ND";"70";"ND";"15";"ND";"700";;;"< 0,05";"1,5";"0,1";"1"
271;"DAF216";;-53.772110827;-3.842337868;"1521-AV-L-066";"Sulfetos de Altamira-Itaituba";"Solo";"Espectrografia Ótica de Emissão";"SGB-CPRM - Rigeo";"ND";"ND";"ND";"10";"100";"< 1";"ND";"ND";"< 5";"50";"7";"20";"70";"< 5";"10";"7";"30";"ND";"7";"ND";"ND";"50";"ND";"15";"ND";"500";;;"< 0,05";"2";"0,1";"1"
272;"DAF217";;-53.783395204;-3.849950251;"1521-AV-L-067";"Sulfetos de Altamira-Itaituba";"Solo";"Espectrografia Ótica de Emissão";"SGB-CPRM - Rigeo";"ND";"ND";"ND";"20";"30";"< 1";"ND";"ND";"5";"20";"7";"20";"200";"5";"20";"5";"15";"ND";"7";"ND";"ND";"50";"ND";"20";"ND";"> 1000";;;"< 0,05";"1,5";"0,05";"> 1"
273;"DAF218";;-53.806809102;-3.868938349;"1521-AV-L-068";"Sulfetos de Altamira-Itaituba";"Solo";"Espectrografia Ótica de Emissão";"SGB-CPRM - Rigeo";"ND";"ND";"ND";"20";"50";"< 1";"ND";"ND";"5";"50";"7";"30";"200";"< 5";"20";"7";"20";"ND";"10";"ND";"ND";"50";"ND";"20";"ND";"1000";;;"< 0,05";"2";"0,05";"> 1"
274;"DAF219";;-53.860346974;-3.884071721;"1521-AV-L-069";"Sulfetos de Altamira-Itaituba";"Solo";"Espectrografia Ótica de Emissão";"SGB-CPRM - Rigeo";"ND";"ND";"ND";"10";"50";"< 1";"ND";"ND";"5";"50";"7";"20";"150";"5";"20";"10";"15";"ND";"10";"ND";"ND";"70";"ND";"20";"ND";"1000";;;"< 0,05";"2";"0,05";"> 1"
275;"DAF220";;-53.87099031;-3.897033612;"1521-AV-L-070";"Sulfetos de Altamira-Itaituba";"Solo";"Espectrografia Ótica de Emissão";"SGB-CPRM - Rigeo";"ND";"ND";"ND";"10";"30";"< 1";"ND";"ND";"5";"30";"7";"20";"100";"< 5";"15";"7";"30";"ND";"10";"ND";"ND";"50";"ND";"20";"ND";"700";;;"< 0,05";"1,5";"0,03";"1"
276;"DAF221";;-53.88779592;-3.901504764;"1521-AV-L-071";"Sulfetos de Altamira-Itaituba";"Solo";"Espectrografia Ótica de Emissão";"SGB-CPRM - Rigeo";"ND";"ND";"ND";"50";"30";"ND";"ND";"ND";"< 5";"10";"5";"20";"70";"ND";"10";"5";"10";"ND";"5";"ND";"ND";"50";"ND";"10";"ND";"1000";;;"< 0,05";"0,7";"0,02";"0,7"
277;"DAF222";;-53.803991302;-3.848823497;"1521-AV-L-072";"Sulfetos de Altamira-Itaituba";"Solo";"Espectrografia Ótica de Emissão";"SGB-CPRM - Rigeo";"ND";"ND";"ND";"20";"70";"< 1";"ND";"ND";"5";"30";"7";"20";"70";"5";"10";"10";"15";"ND";"10";"ND";"ND";"70";"ND";"15";"ND";"700";;;"< 0,05";"2";"7,0000000000000007E-2";"1"
278;"DAF223";;-53.787430254;-3.854962507;"1521-AV-L-073";"Sulfetos de Altamira-Itaituba";"Solo";"Espectrografia Ótica de Emissão";"SGB-CPRM - Rigeo";"ND";"ND";"ND";"50";"70";"< 1";"ND";"ND";"5";"50";"7";"20";"70";"< 5";"10";"10";"20";"ND";"15";"ND";"ND";"70";"ND";"20";"ND";"1000";;;"< 0,05";"3";"0,1";"1"
279;"DAF224";;-53.791606208;-3.875241464;"1521-AV-L-074";"Sulfetos de Altamira-Itaituba";"Solo";"Espectrografia Ótica de Emissão";"SGB-CPRM - Rigeo";"ND";"ND";"ND";"50";"100";"< 1";"ND";"ND";"5";"50";"10";"20";"70";"< 5";"15";"15";"30";"ND";"15";"ND";"< 100";"70";"ND";"20";"ND";"1000";;;"< 0,05";"3";"0,1";"1"
280;"DAF225";;-53.756826436;-3.887613879;"1521-AV-L-075";"Sulfetos de Altamira-Itaituba";"Solo";"Espectrografia Ótica de Emissão";"SGB-CPRM - Rigeo";"ND";"ND";"ND";"10";"50";"< 1";"ND";"ND";"< 5";"50";"5";"20";"70";"< 5";"10";"5";"20";"ND";"7";"ND";"ND";"70";"ND";"20";"ND";"700";;;"< 0,05";"2";"< 0,02";"1"
281;"DAF226";;-53.756826436;-3.887613879;"1521-AV-L-076";"Sulfetos de Altamira-Itaituba";"Solo";"Espectrografia Ótica de Emissão";"SGB-CPRM - Rigeo";"ND";"ND";"ND";"< 10";"50";"< 1";"ND";"ND";"< 5";"30";"5";"30";"70";"< 5";"15";"5";"20";"ND";"10";"ND";"< 100";"70";"ND";"20";"ND";"700";;;"< 0,05";"2";"< 0,02";"1"
282;"DAF227";;-53.756826436;-3.887613879;"1521-AV-L-077";"Sulfetos de Altamira-Itaituba";"Solo";"Espectrografia Ótica de Emissão";"SGB-CPRM - Rigeo";"ND";"ND";"ND";"< 10";"50";"< 1";"ND";"ND";"< 5";"50";"7";"20";"70";"ND";"15";"7";"50";"ND";"7";"ND";"ND";"70";"ND";"15";"ND";"700";;;"< 0,05";"2";"< 0,02";"1"
283;"DAF228";;-53.756826436;-3.887613879;"1521-AV-L-078";"Sulfetos de Altamira-Itaituba";"Solo";"Espectrografia Ótica de Emissão";"SGB-CPRM - Rigeo";"ND";"ND";"ND";"< 10";"30";"< 1";"ND";"ND";"< 5";"20";"< 5";"20";"20";"ND";"10";"5";"20";"ND";"7";"ND";"ND";"50";"ND";"15";"ND";"500";;;"< 0,05";"1,5";"< 0,02";"0,5"
284;"DAF229";;-53.745051902;-3.92654061;"1521-AV-L-079";"Sulfetos de Altamira-Itaituba";"Solo";"Espectrografia Ótica de Emissão";"SGB-CPRM - Rigeo";"ND";"ND";"ND";"10";"70";"< 1";"ND";"ND";"< 5";"50";"10";"30";"150";"< 5";"30";"10";"30";"ND";"15";"ND";"ND";"100";"ND";"20";"ND";"> 1000";;;"< 0,05";"5";"< 0,02";"> 1"
285;"DAF230";;-53.745051902;-3.92654061;"1521-AV-L-080";"Sulfetos de Altamira-Itaituba";"Solo";"Espectrografia Ótica de Emissão";"SGB-CPRM - Rigeo";"ND";"ND";"ND";"< 10";"50";"< 1";"ND";"ND";"< 5";"30";"7";"30";"100";"< 5";"10";"5";"30";"ND";"7";"ND";"ND";"70";"ND";"15";"ND";"1000";;;"< 0,05";"2";"< 0,02";"1"
286;"DAF231";;-53.745051902;-3.92654061;"1521-AV-L-081";"Sulfetos de Altamira-Itaituba";"Solo";"Espectrografia Ótica de Emissão";"SGB-CPRM - Rigeo";"ND";"ND";"ND";"< 10";"70";"< 1";"ND";"ND";"< 5";"50";"15";"30";"200";"< 5";"20";"15";"50";"ND";"10";"ND";"ND";"100";"ND";"20";"ND";"1000";;;"< 0,05";"5";"< 0,02";"1"
287;"DAF232";;-53.745051902;-3.92654061;"1521-AV-L-082";"Sulfetos de Altamira-Itaituba";"Solo";"Espectrografia Ótica de Emissão";"SGB-CPRM - Rigeo";"ND";"ND";"ND";"10";"70";"< 1";"ND";"ND";"5";"50";"15";"50";"300";"< 5";"20";"15";"50";"ND";"15";"ND";"ND";"100";"ND";"30";"ND";"> 1000";;;"< 0,05";"5";"0,03";"> 1"
288;"DAF233";;-53.745051902;-3.92654061;"1521-AV-L-083";"Sulfetos de Altamira-Itaituba";"Solo";"Espectrografia Ótica de Emissão";"SGB-CPRM - Rigeo";"ND";"ND";"ND";"< 10";"70";"< 1";"ND";"ND";"< 5";"70";"15";"30";"200";"ND";"10";"10";"50";"ND";"10";"ND";"ND";"70";"ND";"20";"ND";"1000";;;"< 0,05";"5";"0,02";"> 1"
289;"DAF234";;-53.745051902;-3.92654061;"1521-AV-L-084";"Sulfetos de Altamira-Itaituba";"Solo";"Espectrografia Ótica de Emissão";"SGB-CPRM - Rigeo";"ND";"ND";"ND";"< 10";"100";"< 1";"ND";"ND";"5";"100";"15";"50";"300";"< 5";"20";"15";"50";"ND";"15";"ND";"ND";"100";"ND";"30";"ND";"> 1000";;;"< 0,05";"5";"0,02";"> 1"
290;"DAF235";;-53.72088706;-3.913294781;"1521-AV-L-085";"Sulfetos de Altamira-Itaituba";"Solo";"Espectrografia Ótica de Emissão";"SGB-CPRM - Rigeo";"ND";"ND";"ND";"10";"50";"< 1";"ND";"ND";"< 5";"30";"7";"20";"150";"5";"15";"10";"15";"ND";"5";"ND";"ND";"70";"ND";"15";"ND";"1000";;;"< 0,05";"1,5";"0,03";"1"
291;"DAF236";;-53.72088706;-3.913294781;"1521-AV-L-086";"Sulfetos de Altamira-Itaituba";"Solo";"Espectrografia Ótica de Emissão";"SGB-CPRM - Rigeo";"ND";"ND";"ND";"15";"100";"< 1";"ND";"ND";"5";"100";"10";"20";"100";"5";"15";"20";"50";"ND";"15";"ND";"ND";"100";"ND";"15";"ND";"700";;;"< 0,05";"5";"0,15";"1"
292;"DAF237";;-53.72088706;-3.913294781;"1521-AV-L-087";"Sulfetos de Altamira-Itaituba";"Solo";"Espectrografia Ótica de Emissão";"SGB-CPRM - Rigeo";"ND";"ND";"ND";"20";"70";"< 1";"ND";"ND";"5";"70";"10";"20";"200";"5";"20";"15";"20";"ND";"10";"ND";"ND";"100";"ND";"20";"ND";"> 1000";;;"< 0,05";"2";"0,03";"> 1"
293;"DAF238";;-53.72088706;-3.913294781;"1521-AV-L-088";"Sulfetos de Altamira-Itaituba";"Solo";"Espectrografia Ótica de Emissão";"SGB-CPRM - Rigeo";"ND";"ND";"ND";"20";"70";"< 1";"ND";"ND";"5";"70";"7";"20";"200";"5";"20";"10";"20";"ND";"7";"ND";"ND";"70";"ND";"30";"ND";"> 1000";;;"< 0,05";"1,5";"0,05";"> 1"
294;"DAF239";;-53.72088706;-3.913294781;"1521-AV-L-089";"Sulfetos de Altamira-Itaituba";"Solo";"Espectrografia Ótica de Emissão";"SGB-CPRM - Rigeo";"ND";"ND";"ND";"20";"50";"< 1";"ND";"ND";"< 5";"70";"7";"20";"150";"5";"20";"10";"15";"ND";"7";"ND";"ND";"70";"ND";"20";"ND";"> 1000";;;"< 0,05";"1,5";"0,03";"> 1"
295;"DAF240";;-53.72088706;-3.913294781;"1521-AV-L-090";"Sulfetos de Altamira-Itaituba";"Solo";"Espectrografia Ótica de Emissão";"SGB-CPRM - Rigeo";"ND";"ND";"ND";"20";"70";"< 1";"ND";"ND";"< 5";"50";"7";"20";"300";"5";"20";"10";"20";"ND";"10";"ND";"ND";"70";"ND";"30";"ND";"> 1000";;;"< 0,05";"1,5";"0,03";"> 1"
296;"DAF539";"cartas_100M";-52.351587757;-3.255594079;"1521-DM-L-024";"Sulfetos de Altamira-Itaituba";"Solo";"Absorção Atômica - EDTA a Frio";"SGB-CPRM - Rigeo";;;;;;;;;;;"15";;;;;;;;;;;;;;;;;;;;;
297;"DAF539";"cartas_100M";-52.351587757;-3.255594079;"1521-DM-L-024";"Sulfetos de Altamira-Itaituba";"Solo";"Absorção Atômica - HBr, Br";"SGB-CPRM - Rigeo";;;"ND";;;;;;;;;;;;;;;;;;;;;;;;;;;;;
298;"DAF539";"cartas_100M";-52.351587757;-3.255594079;"1521-DM-L-024";"Sulfetos de Altamira-Itaituba";"Solo";"Absorção Atômica - HNO3 a Quente";"SGB-CPRM - Rigeo";"1";;;;;;;;;;;;;;;;"25";;;;;;;;;;;;;;;
299;"DAF539";"cartas_100M";-52.351587757;-3.255594079;"1521-DM-L-024";"Sulfetos de Altamira-Itaituba";"Solo";"Medidor de Íon Específico - Semiquantitativa";"SGB-CPRM - Rigeo";;;;;;;;;;;;;;;;;;;;;;;;;;;"< 50";;;;;
300;"DAF539";"cartas_100M";-52.351587757;-3.255594079;"1521-DM-L-024";"Sulfetos de Altamira-Itaituba";"Solo";"Colorimetria";"SGB-CPRM - Rigeo";;;;;;;;;;;;;;;;;;"< 1";;;;;;;;;;;;;;
301;"DAF539";"cartas_100M";-52.351587757;-3.255594079;"1521-DM-L-024";"Sulfetos de Altamira-Itaituba";"Solo";"Espectrografia Ótica de Emissão";"SGB-CPRM - Rigeo";"ND";"ND";"ND";"10";"50";"< 1";"ND";"ND";"30";"150";"200";"ND";"2000";"< 5";"30";"70";"30";"ND";"50";"ND";"ND";"500";"ND";"20";"ND";"500";;;"< 0,05";"15";"0,1";"> 1"
302;"DAF539A";"cartas_100M";-52.351587757;-3.255594079;"1521-DM-L-024";"Sulfetos de Altamira-Itaituba";"Solo";"Absorção Atômica - EDTA a Frio";"SGB-CPRM - Rigeo";;;;;;;;;;;"15";;;;;;;;;;;;;;;;;;;;;
303;"DAF539A";"cartas_100M";-52.351587757;-3.255594079;"1521-DM-L-024";"Sulfetos de Altamira-Itaituba";"Solo";"Absorção Atômica - HNO3 a Quente";"SGB-CPRM - Rigeo";"1";;;;;;;;;;;;;;;;"25";;;;;;;;;;;;;;;
304;"DAF539A";"cartas_100M";-52.351587757;-3.255594079;"1521-DM-L-024";"Sulfetos de Altamira-Itaituba";"Solo";"Colorimetria";"SGB-CPRM - Rigeo";;;;;;;;;;;;;;;;;;"2";;;;;;;;;;;;;;
305;"DAG229";;-52.872658812;-3.526794002;"1521-DM-L-108";"Sulfetos de Altamira-Itaituba";"Solo";"Absorção Atômica - Água Régia Invertida";"SGB-CPRM - Rigeo";;;;;;;;;;;;;;"ND";;;;;;;;;;;;;;;;;;
306;"DAG229";;-52.872658812;-3.526794002;"1521-DM-L-108";"Sulfetos de Altamira-Itaituba";"Solo";"Absorção Atômica - EDTA a Frio";"SGB-CPRM - Rigeo";;;;;;;;;;;"5";;;;;;;;;;;;;;;;;;;;;
307;"DAG229";;-52.872658812;-3.526794002;"1521-DM-L-108";"Sulfetos de Altamira-Itaituba";"Solo";"Absorção Atômica - HBr, Br";"SGB-CPRM - Rigeo";;;"ND";;;;;;;;;;;;;;;;;;;;;;;;;;;;;
308;"DAG229";;-52.872658812;-3.526794002;"1521-DM-L-108";"Sulfetos de Altamira-Itaituba";"Solo";"Absorção Atômica - HNO3 a Quente";"SGB-CPRM - Rigeo";"ND";;;;;;;"ND";;;"15";;;;;;"10";;;;;;;;"10";;;;;;;
309;"DAG229";;-52.872658812;-3.526794002;"1521-DM-L-108";"Sulfetos de Altamira-Itaituba";"Solo";"Cromatografia - Semiquantitativa";"SGB-CPRM - Rigeo";;;;;;;;;;;;;;;;;;;;;;;;;;;;"0";;;;
310;"DAG229";;-52.872658812;-3.526794002;"1521-DM-L-108";"Sulfetos de Altamira-Itaituba";"Solo";"Medidor de Íon Específico - Semiquantitativa";"SGB-CPRM - Rigeo";;;;;;;;;;;;;;;;;;;;;;;;;;;"450";;;;;
311;"DAG229";;-52.872658812;-3.526794002;"1521-DM-L-108";"Sulfetos de Altamira-Itaituba";"Solo";"Colorimetria";"SGB-CPRM - Rigeo";;"10";;;;;;;;;;;;;;;;"< 1";;;;;;;;;;;;;;
312;"DAG229";;-52.872658812;-3.526794002;"1521-DM-L-108";"Sulfetos de Altamira-Itaituba";"Solo";"Espectrografia Ótica de Emissão";"SGB-CPRM - Rigeo";"ND";"ND";"ND";"100";"700";"1";"ND";"ND";"5";"150";"30";"70";"100";"5";"20";"30";"50";"ND";"15";"ND";"100";"150";"ND";"50";"ND";"700";;;"< 0,05";"5";"0,5";"> 1"
313;"DAG230";;-52.87490638;-3.534839948;"1521-DM-L-109";"Sulfetos de Altamira-Itaituba";"Solo";"Absorção Atômica - Água Régia Invertida";"SGB-CPRM - Rigeo";;;;;;;;;;;;;;"ND";;;;;;;;;;;;;;;;;;
314;"DAG230";;-52.87490638;-3.534839948;"1521-DM-L-109";"Sulfetos de Altamira-Itaituba";"Solo";"Absorção Atômica - EDTA a Frio";"SGB-CPRM - Rigeo";;;;;;;;;;;"7";;;;;;;;;;;;;;;;;;;;;
315;"DAG230";;-52.87490638;-3.534839948;"1521-DM-L-109";"Sulfetos de Altamira-Itaituba";"Solo";"Absorção Atômica - HBr, Br";"SGB-CPRM - Rigeo";;;"0";;;;;;;;;;;;;;;;;;;;;;;;;;;;;
316;"DAG230";;-52.87490638;-3.534839948;"1521-DM-L-109";"Sulfetos de Altamira-Itaituba";"Solo";"Absorção Atômica - HNO3 a Quente";"SGB-CPRM - Rigeo";"ND";;;;;;;"ND";;;"20";;;;;;"20";;;;;;;;"10";;;;;;;
317;"DAG230";;-52.87490638;-3.534839948;"1521-DM-L-109";"Sulfetos de Altamira-Itaituba";"Solo";"Cromatografia - Semiquantitativa";"SGB-CPRM - Rigeo";;;;;;;;;;;;;;;;;;;;;;;;;;;;"0";;;;
318;"DAG230";;-52.87490638;-3.534839948;"1521-DM-L-109";"Sulfetos de Altamira-Itaituba";"Solo";"Medidor de Íon Específico - Semiquantitativa";"SGB-CPRM - Rigeo";;;;;;;;;;;;;;;;;;;;;;;;;;;"450";;;;;
319;"DAG230";;-52.87490638;-3.534839948;"1521-DM-L-109";"Sulfetos de Altamira-Itaituba";"Solo";"Colorimetria";"SGB-CPRM - Rigeo";;"10";;;;;;;;;;;;;;;;"1";;;;;;;;;;;;;;
320;"DAG230";;-52.87490638;-3.534839948;"1521-DM-L-109";"Sulfetos de Altamira-Itaituba";"Solo";"Espectrografia Ótica de Emissão";"SGB-CPRM - Rigeo";"ND";"ND";"ND";"150";"700";"1";"ND";"ND";"7";"200";"30";"70";"70";"5";"20";"30";"70";"ND";"20";"< 10";"100";"150";"ND";"50";"ND";"700";;;"< 0,05";"5";"0,5";"> 1"
321;"DAG230A";;-52.87490638;-3.534839948;"1521-DM-L-109";"Sulfetos de Altamira-Itaituba";"Solo";"Absorção Atômica - Água Régia Invertida";"SGB-CPRM - Rigeo";;;;;;;;;;;;;;"ND";;;;;;;;;;;;;;;;;;
322;"DAG230A";;-52.87490638;-3.534839948;"1521-DM-L-109";"Sulfetos de Altamira-Itaituba";"Solo";"Absorção Atômica - HNO3 a Quente";"SGB-CPRM - Rigeo";"ND";;;;;;;"ND";;;"20";;;;;;"20";;;;;;;;"10";;;;;;;
323;"DAG230A";;-52.87490638;-3.534839948;"1521-DM-L-109";"Sulfetos de Altamira-Itaituba";"Solo";"Medidor de Íon Específico - Semiquantitativa";"SGB-CPRM - Rigeo";;;;;;;;;;;;;;;;;;;;;;;;;;;"475";;;;;
324;"DAG230A";;-52.87490638;-3.534839948;"1521-DM-L-109";"Sulfetos de Altamira-Itaituba";"Solo";"Colorimetria";"SGB-CPRM - Rigeo";;"< 10";;;;;;;;;;;;;;;;;;;;;;;;;;;;;;
325;"DAG231";;-52.880195055;-3.530035124;"1521-DM-L-110";"Sulfetos de Altamira-Itaituba";"Solo";"Absorção Atômica - Água Régia Invertida";"SGB-CPRM - Rigeo";;;;;;;;;;;;;;"ND";;;;;;;;;;;;;;;;;;
326;"DAG231";;-52.880195055;-3.530035124;"1521-DM-L-110";"Sulfetos de Altamira-Itaituba";"Solo";"Absorção Atômica - EDTA a Frio";"SGB-CPRM - Rigeo";;;;;;;;;;;"3";;;;;;;;;;;;;;;;;;;;;
327;"DAG231";;-52.880195055;-3.530035124;"1521-DM-L-110";"Sulfetos de Altamira-Itaituba";"Solo";"Absorção Atômica - HBr, Br";"SGB-CPRM - Rigeo";;;"ND";;;;;;;;;;;;;;;;;;;;;;;;;;;;;
328;"DAG231";;-52.880195055;-3.530035124;"1521-DM-L-110";"Sulfetos de Altamira-Itaituba";"Solo";"Absorção Atômica - HNO3 a Quente";"SGB-CPRM - Rigeo";"ND";;;;;;;"ND";;;"10";;;;;;"10";;;;;;;;"5";;;;;;;
329;"DAG231";;-52.880195055;-3.530035124;"1521-DM-L-110";"Sulfetos de Altamira-Itaituba";"Solo";"Cromatografia - Semiquantitativa";"SGB-CPRM - Rigeo";;;;;;;;;;;;;;;;;;;;;;;;;;;;"0";;;;
330;"DAG231";;-52.880195055;-3.530035124;"1521-DM-L-110";"Sulfetos de Altamira-Itaituba";"Solo";"Medidor de Íon Específico - Semiquantitativa";"SGB-CPRM - Rigeo";;;;;;;;;;;;;;;;;;;;;;;;;;;"400";;;;;
331;"DAG231";;-52.880195055;-3.530035124;"1521-DM-L-110";"Sulfetos de Altamira-Itaituba";"Solo";"Colorimetria";"SGB-CPRM - Rigeo";;"10";;;;;;;;;;;;;;;;"< 1";;;;;;;;;;;;;;
332;"DAG231";;-52.880195055;-3.530035124;"1521-DM-L-110";"Sulfetos de Altamira-Itaituba";"Solo";"Espectrografia Ótica de Emissão";"SGB-CPRM - Rigeo";"ND";"ND";"ND";"200";"1000";"1,5";"ND";"ND";"5";"200";"20";"70";"50";"5";"20";"20";"30";"ND";"20";"ND";"300";"200";"ND";"50";"ND";"> 1000";;;"< 0,05";"2";"0,3";"> 1"
333;"DAG231A";;-52.880195055;-3.530035124;"1521-DM-L-110";"Sulfetos de Altamira-Itaituba";"Solo";"Absorção Atômica - EDTA a Frio";"SGB-CPRM - Rigeo";;;;;;;;;;;"3";;;;;;;;;;;;;;;;;;;;;
334;"DAG231A";;-52.880195055;-3.530035124;"1521-DM-L-110";"Sulfetos de Altamira-Itaituba";"Solo";"Colorimetria";"SGB-CPRM - Rigeo";;;;;;;;;;;;;;;;;;"< 1";;;;;;;;;;;;;;
335;"DAG528";;-52.966919778;-3.460023224;"1521-DM-L-152";"Sulfetos de Altamira-Itaituba";"Solo";"Absorção Atômica - Água Régia Invertida";"SGB-CPRM - Rigeo";;;;;;;;;;;;;;"3";;;;;;;;;;;;;;;;;;
336;"DAG528";;-52.966919778;-3.460023224;"1521-DM-L-152";"Sulfetos de Altamira-Itaituba";"Solo";"Absorção Atômica - EDTA a Frio";"SGB-CPRM - Rigeo";;;;;;;;;;;"15";;;;;;;;;;;;;;;;;;;;;
337;"DAG528";;-52.966919778;-3.460023224;"1521-DM-L-152";"Sulfetos de Altamira-Itaituba";"Solo";"Absorção Atômica - HBr, Br";"SGB-CPRM - Rigeo";;;"< 0,05";;;;;;;;;;;;;;;;;;;;;;;;;;;;;
338;"DAG528";;-52.966919778;-3.460023224;"1521-DM-L-152";"Sulfetos de Altamira-Itaituba";"Solo";"Absorção Atômica - HNO3 a Quente";"SGB-CPRM - Rigeo";"ND";;;;;;;"ND";;;"100";;;;;;"5";;;;;;;;"25";;;;;;;
339;"DAG528";;-52.966919778;-3.460023224;"1521-DM-L-152";"Sulfetos de Altamira-Itaituba";"Solo";"Cromatografia - Semiquantitativa";"SGB-CPRM - Rigeo";;;;;;;;;;;;;;;;;;;;;;;;;;;;"0";;;;
340;"DAG528";;-52.966919778;-3.460023224;"1521-DM-L-152";"Sulfetos de Altamira-Itaituba";"Solo";"Medidor de Íon Específico - Semiquantitativa";"SGB-CPRM - Rigeo";;;;;;;;;;;;;;;;;;;;;;;;;;;"110";;;;;
341;"DAG528";;-52.966919778;-3.460023224;"1521-DM-L-152";"Sulfetos de Altamira-Itaituba";"Solo";"Colorimetria";"SGB-CPRM - Rigeo";;"10";;;;;;;;;;;;;;;;"< 1";;;;;;;;;;;;;;
342;"DAG528";;-52.966919778;-3.460023224;"1521-DM-L-152";"Sulfetos de Altamira-Itaituba";"Solo";"Espectrografia Ótica de Emissão";"SGB-CPRM - Rigeo";"ND";"ND";"ND";"100";"200";"< 1";"ND";"ND";"15";"70";"150";"20";"1000";"10";"15";"50";"15";"ND";"50";"ND";"ND";"300";"ND";"30";"ND";"300";;;"< 0,05";"10";"0,15";"> 1"
343;"DAG528A";;-52.966919778;-3.460023224;"1521-DM-L-152";"Sulfetos de Altamira-Itaituba";"Solo";"Absorção Atômica - Água Régia Invertida";"SGB-CPRM - Rigeo";;;;;;;;;;;;;;"3";;;;;;;;;;;;;;;;;;
344;"DAG528A";;-52.966919778;-3.460023224;"1521-DM-L-152";"Sulfetos de Altamira-Itaituba";"Solo";"Absorção Atômica - EDTA a Frio";"SGB-CPRM - Rigeo";;;;;;;;;;;"0";;;;;;;;;;;;;;;;;;;;;
345;"DAG528A";;-52.966919778;-3.460023224;"1521-DM-L-152";"Sulfetos de Altamira-Itaituba";"Solo";"Absorção Atômica - HNO3 a Quente";"SGB-CPRM - Rigeo";"ND";;;;;;;"ND";;;"100";;;;;;"5";;;;;;;;"25";;;;;;;
346;"DAG528A";;-52.966919778;-3.460023224;"1521-DM-L-152";"Sulfetos de Altamira-Itaituba";"Solo";"Cromatografia - Semiquantitativa";"SGB-CPRM - Rigeo";;;;;;;;;;;;;;;;;;;;;;;;;;;;"0";;;;
347;"DAG528A";;-52.966919778;-3.460023224;"1521-DM-L-152";"Sulfetos de Altamira-Itaituba";"Solo";"Medidor de Íon Específico - Semiquantitativa";"SGB-CPRM - Rigeo";;;;;;;;;;;;;;;;;;;;;;;;;;;"120";;;;;
348;"DAG528A";;-52.966919778;-3.460023224;"1521-DM-L-152";"Sulfetos de Altamira-Itaituba";"Solo";"Colorimetria";"SGB-CPRM - Rigeo";;"10";;;;;;;;;;;;;;;;"< 1";;;;;;;;;;;;;;
349;"DAE074";;-55.395498973;-4.119798956;"1521-HA-L-018";"Sulfetos de Altamira-Itaituba";"Solo";"Espectrografia Ótica de Emissão";"SGB-CPRM - Rigeo";"ND";"ND";"ND";"ND";"50";"< 1";"ND";"ND";"< 5";"20";"< 5";"20";"100";"ND";"10";"7";"15";"ND";"7";"ND";"ND";"50";"ND";"15";"ND";"700";;;"< 0,05";"1,05";"< 0,02";"0,03"
350;"DAE075";;-55.35010154;-4.085456349;"1521-HA-L-022";"Sulfetos de Altamira-Itaituba";"Solo";"Espectrografia Ótica de Emissão";"SGB-CPRM - Rigeo";"ND";"ND";"ND";"70";"300";"1,5";"ND";"ND";"5";"150";"20";"50";"50";"20";"10";"30";"30";"ND";"20";"< 10";"150";"100";"ND";"20";"ND";"150";;;"< 0,05";"3";"0,5";"0,3"
351;"DAE076";;-55.382919139;-4.10817346;"1521-HA-L-035";"Sulfetos de Altamira-Itaituba";"Solo";"Espectrografia Ótica de Emissão";"SGB-CPRM - Rigeo";"ND";"ND";"ND";"50";"200";"1,5";"ND";"ND";"5";"100";"15";"50";"70";"< 5";"10";"30";"30";"ND";"15";"< 10";"100";"100";"ND";"30";"ND";"700";;;"< 0,05";"3";"0,3";"0,5"
352;"DAE077";;-55.294392165;-4.094577936;"1521-HA-L-044";"Sulfetos de Altamira-Itaituba";"Solo";"Espectrografia Ótica de Emissão";"SGB-CPRM - Rigeo";"ND";"ND";"ND";"10";"150";"1";"ND";"ND";"5";"20";"7";"30";"300";"ND";"20";"10";"30";"ND";"5";"ND";"ND";"30";"ND";"20";"ND";"> 1000";;;"< 0,05";"1,5";"7,0000000000000007E-2";"0,7"
353;"DAE078";;-55.307052469;-4.054832113;"1521-HA-L-060";"Sulfetos de Altamira-Itaituba";"Solo";"Espectrografia Ótica de Emissão";"SGB-CPRM - Rigeo";"ND";"ND";"ND";"15";"300";"1,5";"ND";"ND";"5";"30";"7";"30";"200";"< 5";"15";"15";"30";"ND";"7";"< 10";"ND";"70";"ND";"15";"ND";"500";;;"0,05";"3";"0,3";"0,5"
354;"DAE079";;-55.30092483;-4.054651701;"1521-HA-L-063";"Sulfetos de Altamira-Itaituba";"Solo";"Espectrografia Ótica de Emissão";"SGB-CPRM - Rigeo";"ND";"ND";"ND";"20";"200";"1";"ND";"ND";"5";"50";"7";"30";"70";"< 5";"15";"15";"20";"ND";"7";"ND";"100";"70";"ND";"15";"ND";"500";;;"< 0,05";"7";"0,2";"0,5"
355;"DAE080";;-55.273100117;-4.102043728;"1521-HA-L-103";"Sulfetos de Altamira-Itaituba";"Solo";"Espectrografia Ótica de Emissão";"SGB-CPRM - Rigeo";"ND";"ND";"ND";"50";"300";"1";"ND";"ND";"< 5";"100";"10";"30";"50";"15";"10";"20";"30";"ND";"10";"< 10";"100";"100";"ND";"15";"ND";"300";;;"< 0,05";"1,5";"0,3";"0,5"
